Rk,Team,Conf,G,Rec,AdjOE,AdjDE,Barthag,EFG%,EFGD%,TOR,TORD,ORB,DRB,FTR,FTRD,2P%,2P%D,3P%,3P%D,3PR,3PRD,Adj T.,WAB,Year,Conf Record,Away,Home,SOS
1,Houston,B12,31,28–3,119.7,85.7,0.979,50.1,44.5,13.4,24.8,37.7,29.4,30.7,39.6,48.8,44.0,34.8,30.2,36.0,41.2,64.4,9.1,2024,15–3,Houston,Sweet Sixteen,0.7131224411556297
2,Connecticut,BE,31,28–3,126.2,94.0,0.9673,56.7,45.1,15.0,16.6,37.4,27.0,33.2,33.4,58.0,43.9,36.6,31.7,41.0,33.2,65.6,9.4,2024,18–2,Connecticut,CHAMPS,0.6971563618658307
3,Purdue,B10,31,28–3,126.8,94.5,0.9671,56.4,47.8,16.3,14.0,37.5,24.4,42.0,23.5,53.5,47.7,41.1,32.0,35.3,37.2,68.7,10.4,2024,17–3,Purdue,Finals,0.7669563470250708
4,Arizona,P12,31,24–7,122.7,94.1,0.9553,55.3,48.9,15.8,17.9,36.6,22.9,36.3,26.3,54.9,47.9,37.4,33.7,32.4,38.1,73.6,5.0,2024,15–5,Arizona,Sweet Sixteen,0.727822993032091
5,Auburn,SEC,31,24–7,120.5,93.0,0.9513,54.0,44.0,14.9,18.4,33.6,29.9,38.6,40.7,54.8,43.1,35.1,30.6,38.0,34.4,70.8,3.6,2024,13–5,Auburn,R,0.688862022345353
6,Tennessee,SEC,31,24–7,116.3,90.7,0.9458,52.0,45.1,14.4,18.8,32.3,28.8,34.8,35.5,52.0,43.6,34.6,31.4,40.9,41.7,70.3,6.1,2024,14–4,Tennessee,Elite Eight,0.7357989006286828
7,North Carolina,ACC,31,25–6,117.8,93.0,0.9386,51.4,46.1,14.4,15.1,32.5,24.2,37.3,28.2,50.1,45.7,35.8,31.2,35.8,36.5,71.5,6.6,2024,17–3,North Carolina,Sweet Sixteen,0.7293835290298099
8,Iowa St.,B12,31,24–7,112.2,88.7,0.9377,51.8,47.9,16.1,25.9,32.5,29.0,36.0,35.8,51.6,47.5,34.8,32.2,31.8,45.6,68.7,4.4,2024,13–5,Iowa St.,Sweet Sixteen,0.6722037521363388
9,Marquette,BE,31,23–8,118.8,94.5,0.9331,55.7,50.1,14.6,21.7,26.7,31.1,25.3,27.3,57.4,48.8,35.6,34.5,41.0,42.1,70.4,5.7,2024,14–6,Marquette,Sweet Sixteen,0.7420911159658967
10,Creighton,BE,31,23–8,120.7,96.0,0.9331,57.9,46.4,15.3,11.3,26.2,24.7,23.9,16.1,61.0,45.6,36.5,32.4,49.0,27.0,67.7,5.0,2024,14–6,Creighton,Sweet Sixteen,0.7151911719501419
11,Duke,ACC,31,24–7,121.3,96.8,0.9305,55.5,48.9,14.4,17.1,31.8,25.9,34.2,27.4,54.6,49.2,38.1,32.3,37.6,35.8,67.8,4.0,2024,15–5,Duke,Elite Eight,0.6918135106007036
12,Alabama,SEC,31,21–10,125.8,101.0,0.926,56.5,49.7,16.2,15.9,35.3,30.0,35.3,39.1,57.5,50.9,36.9,31.8,47.2,36.9,73.4,3.7,2024,13–5,Alabama,Final Four,0.7718961261355719
13,Illinois,B10,31,23–8,123.6,99.9,0.9202,53.9,47.7,15.3,12.3,35.7,25.4,36.9,27.0,54.7,46.0,35.0,34.7,38.4,27.6,70.7,3.9,2024,14–6,Illinois,Elite Eight,0.7154672434279145
14,Gonzaga,WCC,30,24–6,121.0,98.2,0.9173,57.0,47.1,14.0,16.3,33.9,26.8,31.6,25.3,58.5,45.0,35.8,33.8,31.7,37.1,70.1,2.7,2024,14–2,Gonzaga,Sweet Sixteen,0.5783272365749308
15,Kansas,B12,30,21–9,114.9,93.4,0.9161,54.0,47.7,16.4,16.9,25.5,26.0,33.4,29.2,55.3,45.6,34.1,33.8,29.6,41.4,69.8,4.3,2024,10–8,Kansas,R,0.7236329755416631
16,BYU,B12,31,22–9,120.4,98.1,0.9135,55.3,47.9,15.3,16.1,33.5,24.4,24.7,31.9,58.3,48.5,35.0,31.0,50.5,34.1,69.9,2.4,2024,10–8,BYU,R,0.6655844775729649
17,Saint Mary's,WCC,31,24–7,115.0,93.7,0.913,53.1,45.0,15.8,16.9,38.9,22.6,27.9,32.4,53.1,43.3,35.4,32.8,36.9,29.3,63.1,0.7,2024,15–1,Saint Mary's,R,0.5565977028381315
18,Baylor,B12,30,21–9,123.1,100.9,0.9081,56.3,51.4,17.5,17.3,34.9,27.8,40.9,31.7,53.7,52.2,40.4,33.4,38.4,35.4,66.7,4.2,2024,11–7,Baylor,R,0.7223239287105788
19,Michigan St.,B10,31,18–13,113.8,93.5,0.9051,51.5,47.7,14.5,18.7,29.6,28.8,30.1,31.8,50.5,46.9,35.9,32.6,30.7,41.6,66.4,-0.38,2024,10–10,Michigan St.,R,0.7480236486961461
20,St. John's,BE,31,19–12,117.5,97.3,0.8976,50.6,49.0,16.0,18.6,38.4,30.3,27.2,34.0,50.7,47.5,33.6,34.4,32.5,35.6,70.2,0.28,2024,11–9,,St. John's,0.7078195533383789
21,Kentucky,SEC,31,23–8,122.5,101.5,0.8976,57.3,49.3,14.0,16.3,28.9,30.1,30.2,33.0,54.7,49.8,41.2,32.3,37.0,40.0,73.4,3.3,2024,13–5,Kentucky,R,0.6662820951810026
22,Texas,B12,31,20–11,118.1,98.2,0.8933,53.9,48.9,16.8,18.7,31.0,30.2,30.1,34.3,53.5,47.3,36.5,34.7,34.8,32.7,68.1,1.3,2024,9–9,Texas,R,0.6914865866101345
23,Florida,SEC,31,21–10,119.3,99.4,0.8909,51.7,48.6,16.2,14.7,38.6,29.4,36.6,33.5,52.1,48.8,33.9,32.1,34.9,32.8,72.2,1.4,2024,11–7,Florida,R,0.7042363109513793
24,Clemson,ACC,31,21–10,118.0,98.8,0.8859,54.3,48.6,15.0,13.6,28.0,24.8,30.6,31.3,54.7,47.0,35.8,34.0,40.3,40.3,67.4,1.7,2024,11–9,Clemson,Elite Eight,0.7335320691831549
25,Villanova,BE,31,17–14,111.9,93.8,0.8841,50.9,48.4,14.4,16.5,25.6,24.8,26.6,26.6,50.2,48.0,34.4,32.6,47.1,44.9,64.6,-0.9,2024,10–10,,Villanova,0.712373166737078
26,Wisconsin,B10,31,19–12,118.7,99.7,0.8815,52.1,52.5,14.8,17.0,30.6,23.9,34.8,32.2,52.8,50.6,33.9,37.3,34.8,34.4,65.9,1.5,2024,11–9,Wisconsin,R,0.7607208847562553
27,Colorado,P12,31,22–9,118.0,99.1,0.8815,55.9,49.8,18.3,15.4,32.9,23.5,35.6,28.3,54.2,50.0,40.0,32.9,30.3,35.2,69.2,1.2,2024,13–7,Colorado,R,0.6912565363765608
28,Nebraska,B10,31,22–9,115.2,97.0,0.8785,52.9,46.2,16.1,16.6,28.0,30.0,32.2,27.6,52.5,45.1,35.7,31.8,44.5,41.9,69.4,1.9,2024,12–8,Nebraska,R,0.6804308066795745
29,San Diego St.,MWC,29,20–9,111.6,94.0,0.8773,50.4,47.5,16.2,18.5,31.8,27.8,37.2,31.8,52.2,48.8,31.7,30.5,38.1,41.1,67.4,1.7,2024,11–7,San Diego St.,Sweet Sixteen,0.6706107830654973
30,New Mexico,MWC,30,21–9,114.3,96.9,0.8702,51.4,49.1,14.1,19.6,33.1,26.4,33.7,34.7,51.7,50.0,33.8,31.7,29.9,35.4,74.2,-0.18,2024,10–8,New Mexico,R,0.6190475470097623
31,Wake Forest,ACC,31,19–12,116.8,99.2,0.8677,54.9,49.0,15.6,16.2,26.0,25.8,31.0,29.5,54.0,49.0,37.6,32.6,37.9,34.3,69.2,-0.8,2024,11–9,,Wake Forest,0.677545701670646
32,Texas Tech,B12,31,22–9,117.1,99.4,0.8673,53.0,49.0,16.1,17.3,30.2,30.6,33.7,27.0,52.0,49.3,36.3,32.3,41.1,38.3,67.3,2.3,2024,11–7,Texas Tech,R,0.6948699673076039
33,Dayton,A10,30,24–6,118.3,100.6,0.8659,57.2,47.9,16.0,15.6,27.3,28.8,36.8,21.8,54.2,48.2,40.7,31.7,44.3,40.4,65.1,3.0,2024,14–4,Dayton,R,0.6469573537922199
34,Mississippi St.,SEC,31,19–12,112.2,95.8,0.8599,51.8,47.9,18.6,17.7,35.8,27.6,37.0,32.2,53.4,50.5,33.0,29.4,38.8,40.8,68.3,-0.28,2024,8–10,Mississippi St.,R,0.7086635062902676
35,Nevada,MWC,31,25–6,114.1,97.4,0.8598,53.3,48.0,14.8,17.5,27.3,27.0,45.3,33.6,52.5,48.8,36.6,31.2,33.7,41.2,67.7,2.9,2024,13–5,Nevada,R,0.5893594304560852
36,Northwestern,B10,31,21–10,116.8,99.8,0.8583,53.4,51.5,13.3,18.8,26.0,28.3,29.8,39.6,50.0,50.4,39.6,35.6,36.6,36.7,64.7,1.5,2024,12–8,Northwestern,R,0.6827488015048249
37,TCU,B12,31,20–11,115.4,98.7,0.8568,52.8,50.3,17.6,20.7,35.0,28.8,35.3,35.5,52.1,51.0,36.4,32.5,30.2,34.7,70.9,0.5,2024,9–9,TCU,R,0.6566430474501885
38,Oklahoma,B12,31,20–11,113.5,97.3,0.8554,53.0,47.3,17.8,16.3,30.2,26.2,37.2,30.6,53.8,48.8,34.4,29.6,38.3,35.8,68.0,1.1,2024,8–10,,Oklahoma,0.6712819670141511
39,Boise St.,MWC,29,20–9,114.0,97.7,0.8551,52.2,49.9,16.5,16.9,32.3,22.8,36.3,33.0,52.0,52.1,35.1,30.8,39.4,37.1,67.6,1.1,2024,13–5,Boise St.,R,0.6400140090280483
40,Ohio St.,B10,31,19–12,115.6,99.1,0.8538,50.9,48.3,15.6,16.0,31.3,28.8,34.1,30.0,51.0,46.4,33.9,34.8,35.6,33.4,66.4,-0.7,2024,9–11,,Ohio St.,0.6960206394139572
41,Colorado St.,MWC,29,20–9,114.6,98.3,0.8537,55.1,49.3,14.7,16.9,23.1,27.2,32.9,31.3,57.9,48.1,33.8,34.3,38.4,34.5,67.0,0.9,2024,10–8,Colorado St.,R,0.6468585008386127
42,Indiana St.,MVC,33,27–6,118.1,101.4,0.8524,59.9,49.0,16.5,15.5,23.4,23.1,32.5,25.5,62.0,48.7,38.4,33.0,49.3,33.9,71.5,1.9,2024,17–3,,Indiana St.,0.5547778925711293
43,Utah,P12,31,18–13,113.8,98.0,0.8476,53.7,49.1,16.4,14.6,28.7,26.0,27.3,26.5,53.8,47.8,35.7,34.2,39.6,37.1,70.8,-1.0,2024,9–11,,Utah,0.7072388004895811
44,Pittsburgh,ACC,31,21–10,114.9,99.0,0.8474,51.7,49.0,13.5,16.5,31.3,23.5,30.8,30.0,50.1,50.5,35.7,31.0,44.5,38.6,66.9,0.36,2024,12–8,,Pittsburgh,0.6538386372803422
45,South Carolina,SEC,31,25–6,114.8,99.1,0.8455,51.3,47.4,15.6,15.0,33.1,28.2,31.1,31.4,51.5,46.2,33.9,33.4,42.2,31.6,63.9,4.7,2024,13–5,South Carolina,R,0.6445008137169941
46,Washington St.,P12,31,23–8,113.1,97.7,0.8422,52.1,47.2,15.7,15.8,32.6,25.1,32.5,32.8,52.3,46.4,34.5,32.5,31.7,31.4,66.1,2.0,2024,14–6,Washington St.,R,0.6584109930500891
47,Florida Atlantic,Amer,31,24–7,117.8,102.3,0.8351,55.1,49.7,15.7,16.7,34.2,29.7,33.5,27.1,55.5,49.8,36.2,33.0,39.3,36.2,68.6,1.6,2024,14–4,Florida Atlantic,R,0.6196349043755554
48,Cincinnati,B12,31,18–13,110.8,96.3,0.8343,50.2,47.6,17.6,17.6,37.8,25.4,28.6,29.6,51.2,46.0,32.1,33.7,35.3,34.1,68.3,-1.8,2024,7–11,,Cincinnati,0.6755802052751284
49,Virginia,ACC,31,22–9,105.0,91.4,0.8321,49.6,46.2,13.3,19.9,25.4,28.2,25.3,26.5,47.0,46.3,36.7,30.7,32.0,40.1,61.2,1.7,2024,13–7,Virginia,R,0.6745608462072633
50,Butler,BE,30,17–13,113.9,99.2,0.8315,51.8,49.9,14.9,16.0,26.4,29.1,27.3,22.8,51.4,50.6,35.0,32.5,38.0,37.7,69.3,-0.27,2024,9–11,,Butler,0.6817119737569102
51,Virginia Tech,ACC,31,18–13,115.4,100.7,0.8276,54.0,51.4,16.2,17.2,25.4,26.3,32.8,29.2,54.7,51.1,35.4,34.6,42.0,34.4,68.5,-1.5,2024,10–10,,Virginia Tech,0.6816596122726251
52,Iowa,B10,31,18–13,118.8,103.7,0.8271,52.8,51.8,13.2,16.6,27.7,30.5,32.7,32.7,53.3,51.0,34.5,35.5,29.5,35.3,72.6,-0.22,2024,10–10,,Iowa,0.709636132549009
53,Texas A&M,SEC,31,18–13,114.1,99.6,0.8265,45.1,49.5,14.5,16.9,42.0,28.2,37.1,29.9,47.2,49.2,27.8,33.3,38.6,44.6,66.1,-0.6,2024,9–9,Texas A&M,R,0.7149082741031836
54,Utah St.,MWC,29,24–5,114.0,99.6,0.8244,54.6,49.4,16.0,16.6,28.5,25.1,38.7,30.1,57.5,53.2,32.5,28.5,33.1,36.3,69.6,3.4,2024,14–4,Utah St.,R,0.5883377234832801
55,Drake,MVC,33,27–6,114.6,100.2,0.8236,54.9,51.0,13.9,17.4,24.2,22.1,32.6,31.0,55.1,51.9,36.5,33.0,39.6,39.3,68.8,1.6,2024,16–4,Drake,R,0.5447623054010554
56,Seton Hall,BE,31,20–11,111.9,98.0,0.821,49.8,49.2,18.7,17.9,36.1,29.0,32.4,27.3,50.2,48.0,32.5,33.8,30.2,42.3,67.0,1.1,2024,13–7,,Seton Hall,0.6882557263761673
57,Xavier,BE,31,15–16,112.3,98.5,0.8184,49.2,49.1,16.3,16.0,32.9,29.2,32.8,30.5,48.1,48.5,34.5,33.4,31.9,35.8,71.8,-2.3,2024,9–11,,Xavier,0.7311426903953805
58,Providence,BE,31,19–12,107.9,94.7,0.8175,52.1,47.5,18.0,17.3,26.9,27.9,32.1,26.7,54.0,45.5,33.2,34.2,43.9,34.1,68.9,0.2,2024,10–10,,Providence,0.6828267746141324
59,SMU,Amer,30,19–11,111.3,98.0,0.8123,51.0,46.3,16.4,19.0,38.5,31.5,28.4,33.2,50.6,45.8,34.5,31.3,35.6,36.9,68.4,-3.6,2024,11–7,,SMU,0.5520113701115512
60,Washington,P12,31,17–14,114.4,101.1,0.8063,53.5,49.9,15.8,15.8,27.2,29.0,32.3,33.0,54.0,49.7,35.1,33.4,36.6,34.7,72.1,-3.0,2024,9–11,,Washington,0.7000075942824832
61,Bradley,MVC,32,21–11,111.9,99.1,0.8023,55.7,47.6,18.1,18.5,28.5,27.9,27.5,35.7,55.0,46.2,37.7,33.2,42.1,38.0,67.2,-3.5,2024,13–7,,Bradley,0.5739241542277073
62,Oregon,P12,31,20–11,113.4,100.6,0.8003,52.2,51.9,15.2,17.8,28.6,27.2,32.2,31.2,52.4,51.6,34.7,35.0,36.9,35.6,68.5,-0.35,2024,12–8,Oregon,R,0.7006114112101085
63,North Texas,Amer,28,15–13,109.4,97.0,0.7986,51.0,47.2,18.2,19.6,33.9,31.8,28.8,39.8,47.7,46.5,37.4,32.3,39.0,36.8,62.1,-5.6,2024,10–8,,North Texas,0.5839842940008384
64,UCF,B12,30,16–14,105.3,93.8,0.7921,47.8,47.2,18.5,20.6,33.0,27.5,37.6,39.3,48.3,45.9,31.3,32.8,36.1,38.4,69.5,-2.9,2024,7–11,,UCF,0.6634470552130266
65,Miami FL,ACC,31,15–16,111.8,100.0,0.7829,53.0,50.8,17.4,16.6,28.5,28.3,25.2,22.6,51.8,51.7,36.6,33.2,40.4,46.0,69.8,-4.4,2024,6–14,,Miami FL,0.674971631132159
66,Maryland,B10,31,15–16,105.6,94.5,0.7817,46.7,46.5,17.2,18.9,32.2,29.1,41.7,34.4,49.2,46.1,28.4,31.6,37.8,29.5,66.3,-4.3,2024,7–13,,Maryland,0.6833182768298877
67,Syracuse,ACC,30,19–11,111.2,99.6,0.7803,51.3,53.0,15.5,20.3,24.0,31.4,34.9,26.2,51.8,53.5,33.5,34.7,33.7,37.2,71.8,0.7,2024,11–9,,Syracuse,0.6865087303388583
68,Kansas St.,B12,31,18–13,107.1,96.0,0.7791,50.1,46.4,21.3,16.3,32.7,30.9,38.0,31.6,51.8,46.1,31.8,31.3,41.7,36.9,68.2,-0.7,2024,8–10,,Kansas St.,0.718719135087329
69,San Francisco,WCC,32,22–10,109.2,98.0,0.7761,55.2,49.5,16.8,19.8,29.3,24.2,23.7,38.5,57.1,48.5,34.9,34.2,40.3,37.5,68.0,-2.4,2024,11–5,,San Francisco,0.4868829538938274
70,Grand Canyon,WAC,30,26–4,111.2,99.9,0.775,52.3,45.5,17.9,19.4,34.5,29.5,43.5,34.5,52.6,43.9,34.5,32.5,36.1,33.0,68.8,1.0,2024,17–3,Grand Canyon,R,0.4803117744890032
71,USC,P12,31,14–17,111.1,99.8,0.7744,51.8,50.0,17.6,18.6,29.3,32.3,34.2,31.8,50.8,47.4,35.6,36.1,36.5,38.8,69.4,-5.4,2024,8–12,,USC,0.7117389603640124
72,Mississippi,SEC,31,20–11,114.1,102.5,0.7732,51.2,50.6,15.6,18.3,30.3,35.7,35.1,31.4,49.0,50.3,36.9,34.1,34.6,37.1,67.5,-0.07,2024,7–11,,Mississippi,0.6700572838604731
73,James Madison,SB,33,30–3,112.0,100.7,0.7721,54.4,46.7,14.7,19.8,32.0,27.6,34.2,35.1,54.2,48.8,36.5,28.6,38.1,35.1,70.8,1.4,2024,15–3,James Madison,R,0.3954057705465898
74,N.C. State,ACC,31,17–14,112.1,101.0,0.7682,50.3,50.6,13.9,17.9,28.8,29.4,30.7,33.9,49.5,49.4,34.6,35.2,34.0,35.1,68.9,-2.8,2024,9–11,N.C. State,Final Four,0.6982445609328349
75,Princeton,Ivy,25,22–3,116.1,104.6,0.7668,55.0,51.0,11.9,16.3,23.8,24.5,29.5,24.2,56.4,52.3,35.8,32.6,50.4,39.4,65.3,1.9,2024,12–2,,Princeton,0.4696314064486125
76,Richmond,A10,31,23–8,107.3,97.0,0.7628,53.2,46.7,12.8,17.1,17.1,26.4,28.3,26.3,52.1,46.4,36.8,31.4,35.4,40.9,67.9,-0.25,2024,15–3,,Richmond,0.5736482244680609
77,UNLV,MWC,28,17–11,111.8,101.1,0.7604,51.3,49.5,16.3,18.2,30.3,31.2,33.2,31.4,52.1,50.5,33.1,32.0,34.9,38.7,66.0,-2.2,2024,12–6,,UNLV,0.6133635539761954
78,Georgia,SEC,31,16–15,109.5,99.3,0.7542,49.8,50.1,16.4,16.3,28.0,30.4,38.7,29.5,49.9,49.9,33.1,33.6,40.8,38.4,69.4,-3.7,2024,6–12,,Georgia,0.7066658619896489
79,Florida St.,ACC,31,16–15,109.6,99.5,0.7522,50.3,51.9,16.5,20.8,28.8,32.6,36.5,41.2,51.3,50.9,32.1,35.6,32.0,38.3,72.0,-3.4,2024,10–10,,Florida St.,0.7182528965255814
80,Minnesota,B10,31,18–13,113.0,102.7,0.7506,54.2,49.8,17.6,16.0,31.1,29.1,35.5,29.7,54.5,48.1,35.8,35.9,39.3,30.2,67.6,-2.5,2024,9–11,,Minnesota,0.6495162188303326
81,Indiana,B10,31,18–13,110.5,100.4,0.7491,52.9,49.1,17.5,14.9,27.0,29.9,38.6,31.1,54.3,47.6,32.8,34.2,27.9,40.6,69.4,-0.36,2024,10–10,,Indiana,0.7153396534149461
82,Penn St.,B10,31,15–16,110.9,100.9,0.7479,50.9,50.9,15.7,20.7,26.9,32.1,34.5,36.6,51.4,53.3,33.5,30.7,39.0,33.3,71.1,-4.6,2024,9–11,,Penn St.,0.680848251446141
83,Louisiana Tech,CUSA,28,19–9,108.2,98.5,0.7459,50.9,45.6,19.0,17.6,33.8,28.4,42.5,31.7,49.4,43.2,35.7,33.2,35.1,36.3,66.5,-3.4,2024,12–4,,Louisiana Tech,0.4330706893888592
84,LSU,SEC,31,17–14,110.3,100.5,0.7446,52.4,49.5,18.4,18.3,31.1,31.6,38.8,33.0,52.0,49.2,35.3,33.3,37.5,41.5,70.7,-2.8,2024,9–9,,LSU,0.6592557060608009
85,UC Irvine,BW,31,23–8,107.6,98.2,0.742,52.0,45.8,17.1,17.6,31.2,27.6,34.8,35.3,51.9,44.1,34.9,33.1,28.0,30.4,69.5,-2.0,2024,17–3,,UC Irvine,0.4584370175049086
86,Memphis,Amer,31,22–9,112.1,102.3,0.7417,53.2,49.9,18.2,19.1,33.7,33.8,37.1,30.0,53.3,49.0,35.3,34.1,38.8,42.8,72.7,-0.32,2024,11–7,,Memphis,0.6127815313569931
87,Samford,SC,32,27–5,112.2,102.6,0.7364,56.9,50.0,18.1,21.7,30.2,32.0,36.4,37.0,55.5,49.5,39.3,33.9,40.9,40.1,73.6,0.02,2024,15–3,Samford,R,0.4110853900706703
88,Massachusetts,A10,30,20–10,111.5,102.0,0.7341,50.9,48.3,16.1,18.8,36.7,29.8,35.8,37.9,52.9,47.2,31.4,33.5,34.8,38.4,69.5,-4.2,2024,11–7,,Massachusetts,0.5228173867600127
89,VCU,A10,31,19–12,108.3,99.3,0.7303,52.4,46.8,18.0,16.3,27.9,26.2,34.4,35.4,50.5,46.7,36.5,31.3,43.9,37.4,66.8,-4.3,2024,11–7,,VCU,0.6165995135316187
90,McNeese St.,Slnd,27,24–3,110.1,101.0,0.7284,54.4,47.5,14.5,23.0,32.1,30.0,39.3,33.3,52.2,45.8,39.2,32.9,33.7,47.5,66.6,0.44,2024,17–1,McNeese St.,R,0.3128172562726702
91,Yale,Ivy,27,18–9,110.3,101.4,0.7261,52.6,50.1,14.1,16.2,28.4,24.4,27.1,29.4,52.8,48.9,34.7,34.5,35.3,40.6,65.8,-3.1,2024,11–3,Yale,R,0.508773586790653
92,George Mason,A10,30,19–11,109.3,100.5,0.7243,52.4,47.8,18.2,16.3,31.7,27.5,37.3,32.1,52.4,44.8,34.9,34.7,38.0,41.2,64.9,-4.1,2024,9–9,,George Mason,0.536535385614552
93,Loyola Chicago,A10,30,22–8,104.7,96.4,0.7227,52.5,46.5,18.7,17.6,26.2,24.8,33.5,35.6,51.9,43.4,35.5,34.6,40.9,36.3,69.8,-0.9,2024,15–3,,Loyola Chicago,0.5503755291913103
94,Duquesne,A10,30,19–11,106.6,98.4,0.7145,49.9,48.4,17.6,19.6,29.7,30.9,34.0,34.8,50.0,48.4,33.2,32.3,39.7,36.1,67.5,-3.4,2024,10–8,Duquesne,R,0.6023853930953365
95,Boston College,ACC,31,17–14,111.5,103.0,0.7124,52.9,51.2,15.6,16.5,26.5,26.2,26.6,29.0,51.8,49.9,36.4,35.6,37.6,37.7,68.6,-3.7,2024,8–12,,Boston College,0.676902894810148
96,Saint Joseph's,A10,31,19–12,110.8,102.4,0.7122,53.2,49.1,16.0,17.9,29.5,29.6,30.2,30.0,52.6,47.7,35.9,34.0,47.6,43.5,69.7,-4.7,2024,9–9,,Saint Joseph's,0.5534933769028244
97,St. Bonaventure,A10,30,18–12,111.4,103.0,0.7109,53.1,51.3,16.1,19.5,29.1,27.9,31.6,34.5,51.4,52.6,37.3,33.0,37.1,41.5,66.8,-4.9,2024,9–9,,St. Bonaventure,0.5539245475982225
98,Rutgers,B10,31,15–16,98.9,91.5,0.7085,43.7,47.1,16.6,21.5,30.6,31.4,33.2,34.2,43.9,45.9,28.9,32.7,31.6,39.4,68.7,-3.2,2024,7–13,,Rutgers,0.7015844508919117
99,Stanford,P12,30,13–17,110.5,102.4,0.7062,54.7,51.9,18.0,15.5,22.7,27.2,27.8,25.8,53.5,50.9,37.7,35.6,41.4,37.2,70.6,-6.9,2024,8–12,,Stanford,0.668154396313239
100,UCLA,P12,30,14–16,106.0,98.4,0.7024,46.1,50.1,16.3,18.2,29.8,28.1,35.5,36.6,44.8,49.3,32.9,34.2,29.6,42.6,64.3,-4.9,2024,10–10,,UCLA,0.6548631614853405
101,Appalachian St.,SB,31,25–6,106.0,98.4,0.7013,52.7,45.1,15.3,14.6,29.7,27.8,32.3,19.8,53.8,43.7,33.6,32.1,31.1,32.7,67.7,-1.2,2024,16–2,,Appalachian St.,0.4223928809045011
102,South Florida,Amer,29,23–6,108.0,100.7,0.6914,51.3,47.4,15.6,18.8,28.2,30.1,38.3,34.3,49.4,48.0,36.0,30.9,41.4,37.8,68.8,-0.24,2024,16–2,,South Florida,0.5287475972744328
103,Charlotte,Amer,29,18–11,109.1,101.8,0.6889,51.3,48.8,15.5,15.4,26.0,28.9,35.4,31.0,53.2,49.8,32.0,31.4,37.6,36.5,63.5,-4.2,2024,13–5,,Charlotte,0.5381031077098704
104,Charleston,CAA,32,25–7,112.9,105.4,0.6882,52.4,50.4,14.4,16.6,33.7,26.9,26.9,28.6,52.9,50.7,34.5,33.4,47.1,36.4,71.2,-1.9,2024,15–3,Charleston,R,0.4480451322068004
105,Arkansas,SEC,31,15–16,109.2,101.9,0.6874,50.3,50.0,16.3,15.1,25.4,29.9,46.2,39.4,51.6,49.4,31.9,34.1,33.0,34.8,71.6,-4.5,2024,6–12,,Arkansas,0.6816477862162357
106,Michigan,B10,31,8–23,111.9,104.8,0.6806,51.6,52.6,18.4,13.7,30.4,30.7,32.1,29.7,49.8,52.0,36.3,35.9,38.2,32.6,68.5,-8.9,2024,3–17,,Michigan,0.7683636193512924
107,Northern Iowa,MVC,32,18–14,109.2,102.4,0.6761,51.6,52.2,15.2,16.5,23.9,22.5,37.4,30.5,51.9,52.0,34.1,35.0,36.8,41.1,67.5,-5.1,2024,12–8,,Northern Iowa,0.579560033032644
108,Oklahoma St.,B12,31,12–19,108.0,101.5,0.6721,51.6,51.5,18.8,17.0,27.6,28.3,34.5,27.2,52.5,52.0,33.5,33.6,43.1,33.1,68.1,-7.5,2024,4–14,,Oklahoma St.,0.6624942034276058
109,Cornell,Ivy,26,20–6,112.7,105.9,0.6714,57.1,51.3,17.5,18.6,27.6,31.3,29.2,32.6,62.6,52.3,34.1,33.2,48.4,42.2,72.6,-1.0,2024,11–3,,Cornell,0.4565833105532553
110,Western Carolina,SC,29,19–10,107.9,101.9,0.6599,51.7,47.2,14.7,13.3,29.1,24.2,27.7,32.4,49.8,45.5,36.8,33.9,35.5,31.8,67.8,-5.4,2024,11–7,,Western Carolina,0.4046204899300351
111,Southern Illinois,MVC,31,18–13,108.9,102.9,0.6585,52.5,50.1,16.8,16.2,26.1,25.6,35.9,36.5,53.4,52.1,34.3,30.4,43.8,30.5,65.2,-6.4,2024,11–9,,Southern Illinois,0.5053691553804718
112,Hofstra,CAA,32,19–13,108.0,102.2,0.654,55.4,49.0,15.7,17.7,22.9,29.7,22.3,29.0,55.5,46.9,36.8,34.6,46.1,42.4,66.6,-6.5,2024,12–6,,Hofstra,0.4729398265412385
113,Belmont,MVC,32,19–13,108.8,103.0,0.6531,55.0,51.1,16.7,16.4,21.0,27.5,30.3,27.0,54.5,52.2,37.2,33.0,41.9,39.8,72.1,-5.3,2024,12–8,,Belmont,0.5284540903848359
114,Vermont,AE,30,24–6,105.8,100.2,0.6521,52.3,47.1,13.9,14.6,22.3,22.8,29.6,24.9,53.6,46.3,33.8,32.3,44.1,36.5,64.3,-1.5,2024,15–1,Vermont,R,0.4033211156179638
115,Georgia Tech,ACC,31,14–17,108.1,102.6,0.6455,48.5,48.8,18.0,12.5,31.8,28.4,28.9,31.4,48.2,49.3,32.7,32.0,40.3,39.3,68.4,-4.7,2024,7–13,,Georgia Tech,0.7165715199009215
116,Arizona St.,P12,31,14–17,103.5,98.4,0.642,47.8,51.1,14.8,19.2,21.6,30.0,33.5,31.0,49.2,51.7,30.5,33.5,38.1,38.9,69.9,-5.4,2024,8–12,,Arizona St.,0.7231231406374876
117,Davidson,A10,29,13–16,105.5,100.5,0.6378,48.9,49.8,15.8,17.1,26.3,26.9,33.2,32.7,50.7,49.9,30.7,33.1,40.2,42.3,66.6,-8.0,2024,5–13,,Davidson,0.5566016439238495
118,California,P12,31,13–18,108.5,103.4,0.6338,49.2,51.4,16.2,14.7,28.7,26.1,29.8,32.4,48.3,49.8,33.5,36.2,41.7,36.3,69.5,-6.9,2024,9–11,,California,0.6875506113998391
119,Santa Clara,WCC,32,19–13,108.4,103.6,0.629,52.3,48.4,18.2,14.4,34.1,26.1,31.6,33.3,52.6,48.9,34.5,31.7,38.5,37.0,70.0,-4.0,2024,10–6,,Santa Clara,0.5344627249292976
120,UNC Wilmington,CAA,28,18–10,112.7,107.7,0.6267,51.1,51.7,12.8,17.1,29.9,30.6,32.9,33.1,52.1,50.8,33.0,35.5,39.7,36.7,66.1,-4.8,2024,12–6,,UNC Wilmington,0.4281274532759984
121,High Point,BSth,31,23–8,114.6,110.0,0.6161,52.3,50.2,16.2,14.1,37.1,25.5,44.4,38.2,53.6,49.6,33.7,34.4,39.9,31.3,69.5,-4.3,2024,13–3,,High Point,0.3757538599761523
122,Troy,SB,29,17–12,106.4,102.3,0.6105,50.1,49.8,19.6,20.8,34.8,30.7,41.3,39.8,48.2,47.7,35.3,35.9,40.0,33.7,70.6,-7.5,2024,13–5,,Troy,0.3957509076827318
123,UC San Diego,BW,30,19–11,110.5,106.3,0.6079,52.1,50.3,14.3,17.0,27.5,27.9,32.5,29.4,52.3,50.2,34.5,33.7,41.9,35.1,66.3,-6.3,2024,15–5,,UC San Diego,0.3912087440815595
124,Akron,MAC,29,19–10,106.9,102.9,0.6072,52.5,49.3,16.9,17.0,29.7,26.4,34.3,30.1,54.9,51.1,32.7,30.8,41.5,36.9,66.3,-5.0,2024,13–5,Akron,R,0.4258643978871052
125,Drexel,CAA,31,19–12,106.8,102.8,0.6071,50.6,47.8,16.5,13.1,33.6,24.5,30.0,26.7,50.3,48.2,34.1,31.4,33.2,35.4,65.4,-6.7,2024,13–5,,Drexel,0.4330367724250627
126,UAB,Amer,30,19–11,111.1,107.1,0.6041,49.8,51.5,17.3,16.2,35.4,30.8,40.5,31.7,50.2,50.5,32.6,35.4,31.5,36.1,68.8,-3.5,2024,12–6,UAB,R,0.5856278557105475
127,Seattle,WAC,30,17–13,102.9,99.3,0.6022,50.3,46.3,18.7,17.5,29.4,25.8,34.7,37.2,50.0,47.2,33.8,29.7,38.2,33.7,67.8,-7.7,2024,11–9,,Seattle,0.4515286272087648
128,Missouri,SEC,31,8–23,108.4,104.6,0.6007,50.5,51.4,16.8,18.8,26.4,36.2,32.2,43.0,51.9,51.5,32.3,34.1,39.9,39.4,67.8,-10.8,2024,0–18,,Missouri,0.6813478169242401
129,Notre Dame,ACC,31,12–19,100.5,97.1,0.5969,47.4,47.9,19.1,15.4,28.1,26.4,26.8,26.9,47.7,47.3,31.3,32.6,43.2,36.7,65.3,-7.4,2024,7–13,,Notre Dame,0.6834006696152928
130,Liberty,CUSA,28,15–13,109.2,105.8,0.5917,54.3,50.9,15.9,16.8,24.6,25.4,26.9,29.8,55.4,51.8,35.4,32.7,47.0,33.1,65.5,-7.4,2024,7–9,,Liberty,0.4485551118500998
131,Morehead St.,OVC,30,22–8,106.7,103.4,0.5876,54.4,45.7,18.5,15.5,32.0,26.4,31.3,32.7,55.6,45.4,35.3,31.1,45.1,31.2,65.3,-3.5,2024,14–4,Morehead St.,R,0.3242837401752699
132,Oakland,Horz,33,22–11,108.2,104.9,0.5871,52.2,50.7,16.4,16.5,30.5,28.6,30.5,26.8,51.9,50.3,35.0,34.2,41.0,41.1,67.7,-4.3,2024,15–5,Oakland,R,0.4704505694295955
133,UT Arlington,WAC,29,16–13,105.5,102.4,0.5851,50.6,48.8,21.5,19.1,32.4,29.4,39.6,40.6,49.8,47.2,34.5,34.5,41.8,35.5,71.8,-6.0,2024,13–7,,UT Arlington,0.483248270586398
134,Wichita St.,Amer,30,12–18,103.9,101.0,0.5787,49.6,48.4,18.1,15.2,31.3,28.3,27.3,28.4,49.8,48.3,32.6,32.4,31.3,38.1,69.6,-11.0,2024,5–13,,Wichita St.,0.5617961480165949
135,Youngstown St.,Horz,28,18–10,107.2,104.3,0.5781,50.4,49.0,15.5,16.5,33.9,28.7,29.3,30.7,52.2,47.9,31.9,34.0,42.2,35.7,69.8,-6.0,2024,14–6,,Youngstown St.,0.3379590703856016
136,West Virginia,B12,31,9–22,106.6,103.7,0.5776,49.1,51.9,18.4,15.1,26.8,30.2,37.3,27.9,47.4,52.0,34.6,34.6,37.3,42.5,69.3,-9.6,2024,4–14,,West Virginia,0.7385705755730232
137,UNC Greensboro,SC,30,19–11,108.7,106.1,0.5706,53.2,49.5,16.3,17.7,29.3,30.5,27.3,35.8,49.2,48.0,38.9,34.3,44.0,44.2,65.7,-5.6,2024,12–6,,UNC Greensboro,0.4310776735646444
138,Tulane,Amer,29,13–16,109.8,107.2,0.5671,54.2,51.1,14.9,17.5,20.1,32.7,46.0,32.7,54.9,50.6,35.2,34.5,35.8,42.1,73.7,-9.0,2024,5–13,,Tulane,0.5574863522202712
139,Arkansas St.,SB,34,18–16,112.2,109.7,0.5649,51.7,50.4,16.2,14.1,33.9,28.7,32.7,35.7,51.3,49.4,34.9,35.4,43.5,27.1,69.0,-9.0,2024,11–7,,Arkansas St.,0.4818521308886306
140,St. Thomas,Sum,30,17–13,106.9,104.6,0.5626,54.4,52.0,14.8,18.5,24.0,25.5,29.4,29.0,55.0,52.8,35.7,33.8,46.0,39.6,63.9,-9.2,2024,9–7,,St. Thomas,0.3241233391535482
141,Missouri St.,MVC,33,17–16,103.8,101.6,0.5625,49.7,48.0,17.3,13.1,29.1,24.7,31.5,24.9,51.2,47.0,31.4,33.0,36.8,38.8,68.8,-8.0,2024,8–12,,Missouri St.,0.5454613539330572
142,Louisiana,SB,31,17–14,105.5,103.3,0.5623,50.7,49.9,16.8,20.6,30.8,32.9,28.6,40.1,51.7,53.7,32.6,27.9,36.2,32.1,69.5,-8.7,2024,10–8,,Louisiana,0.4314969570180117
143,Toledo,MAC,31,20–11,112.2,109.9,0.5615,53.6,54.6,15.1,18.5,29.0,28.2,35.3,26.3,52.2,56.2,38.0,34.6,28.5,37.1,70.4,-5.6,2024,14–4,,Toledo,0.4563901018254248
144,South Dakota St.,Sum,30,18–12,107.9,105.7,0.5585,55.3,50.9,16.6,16.8,24.7,25.6,30.1,27.9,56.1,49.1,36.1,35.4,40.2,46.9,68.9,-7.7,2024,12–4,South Dakota St.,R,0.3978894701868264
145,Wright St.,Horz,30,16–14,116.1,113.9,0.5545,58.5,55.3,16.5,16.3,28.9,28.1,33.6,30.0,58.8,55.0,38.4,37.1,29.3,37.7,72.4,-9.4,2024,13–7,,Wright St.,0.3977032888183884
146,Oregon St.,P12,30,12–18,105.8,103.8,0.5538,49.7,51.0,18.2,16.7,26.0,31.1,36.5,35.9,49.7,52.4,33.2,32.6,34.0,38.1,66.2,-7.1,2024,5–15,,Oregon St.,0.6769668604315592
147,Sam Houston St.,CUSA,29,18–11,104.8,102.9,0.5528,48.7,50.1,18.7,18.9,31.4,27.0,34.2,35.9,46.2,51.1,35.5,32.4,35.5,39.6,68.9,-5.1,2024,13–3,,Sam Houston St.,0.4509981065907566
148,Towson,CAA,33,19–14,102.5,100.7,0.5499,47.3,48.3,19.2,16.9,39.8,27.2,34.7,31.7,46.4,47.4,32.8,33.3,34.1,36.9,63.1,-7.4,2024,11–7,,Towson,0.4606000693109185
149,Western Kentucky,CUSA,27,16–11,103.7,102.1,0.5452,51.7,48.7,18.5,18.3,28.8,27.0,32.3,33.6,52.0,48.9,34.0,32.3,30.8,40.3,76.1,-6.9,2024,8–8,Western Kentucky,R,0.4057965408050027
150,Murray St.,MVC,31,11–20,107.4,105.8,0.5446,50.0,54.5,14.4,17.9,26.5,25.5,29.6,27.7,51.3,53.8,31.6,37.0,35.3,42.8,65.4,-12.4,2024,9–11,,Murray St.,0.545975476160777
151,Delaware,CAA,32,18–14,105.1,103.8,0.5367,51.9,48.7,16.0,15.1,27.5,27.9,30.9,27.1,53.2,49.7,33.0,31.3,35.7,36.4,68.3,-9.2,2024,10–8,,Delaware,0.4126419687400096
152,Tarleton St.,WAC,28,20–8,106.1,104.9,0.5347,49.5,50.0,17.0,20.2,30.4,33.8,30.3,36.1,49.4,49.9,33.1,33.4,29.5,36.2,67.4,-2.2,2024,16–4,,Tarleton St.,0.4335538171181182
153,Furman,SC,30,15–15,108.6,107.4,0.5328,52.1,52.9,15.9,16.2,29.4,26.6,31.0,28.5,54.3,53.9,33.2,34.1,48.2,35.0,69.8,-9.3,2024,10–8,,Furman,0.4463030184269088
154,Montana,BSky,29,19–10,110.6,109.6,0.5249,54.5,51.1,14.3,14.5,25.3,25.6,29.0,35.5,54.9,50.1,35.8,35.6,37.7,31.0,67.2,-5.2,2024,12–6,,Montana,0.3693667688668034
155,Weber St.,BSky,29,17–12,107.6,106.7,0.5237,53.1,54.4,14.8,18.4,23.8,23.7,35.2,29.3,53.9,55.2,34.5,35.4,38.7,36.7,66.4,-7.4,2024,11–7,,Weber St.,0.376943916843947
156,Chattanooga,SC,31,19–12,109.1,108.3,0.5219,54.8,49.9,17.1,14.5,27.2,28.8,30.9,27.3,56.1,47.9,35.7,35.1,50.5,42.0,67.7,-6.9,2024,12–6,,Chattanooga,0.39941078504696
157,Ohio,MAC,30,18–12,108.6,107.8,0.5211,52.8,49.6,14.4,19.0,28.0,32.1,32.8,34.8,52.3,49.0,35.7,33.9,41.6,36.8,68.0,-8.5,2024,13–5,,Ohio,0.3705378880242313
158,Wyoming,MWC,29,13–16,107.5,106.7,0.5197,50.9,52.7,18.6,15.5,28.6,29.2,37.7,27.3,49.4,53.4,35.6,34.4,36.7,40.2,68.0,-6.7,2024,8–10,,Wyoming,0.5772014664645764
159,Winthrop,BSth,29,14–15,106.4,105.8,0.5142,51.9,49.5,18.7,18.2,30.4,32.9,50.0,34.3,52.8,50.6,33.7,32.0,39.4,41.1,67.8,-9.5,2024,8–8,,Winthrop,0.3998716466212519
160,Eastern Washington,BSky,30,19–11,110.3,109.9,0.5101,57.2,52.8,19.0,16.3,26.4,27.1,39.6,33.5,58.7,51.0,36.8,36.9,42.0,41.8,71.4,-4.9,2024,15–3,,Eastern Washington,0.4152776285463019
161,East Carolina,Amer,30,13–17,104.6,104.4,0.5063,47.6,50.8,16.2,19.1,32.5,31.8,33.1,32.2,48.1,52.5,31.0,32.3,36.7,42.6,65.8,-10.4,2024,7–11,,East Carolina,0.519483104603774
162,Stephen F. Austin,WAC,29,15–14,100.3,100.2,0.5033,49.3,48.7,22.3,22.9,34.4,30.0,42.0,47.9,49.5,45.4,32.6,36.4,31.9,36.0,70.5,-8.8,2024,10–10,,Stephen F. Austin,0.4454216245221298
163,UC Davis,BW,29,17–12,101.7,101.7,0.5008,50.5,49.3,19.6,21.3,28.6,30.9,39.4,38.7,50.9,49.6,33.3,32.4,37.7,33.4,68.2,-7.8,2024,14–6,,UC Davis,0.3869559235127949
164,UMass Lowell,AE,27,18–9,105.2,105.2,0.5001,50.8,47.4,18.3,15.6,32.1,27.3,39.6,26.7,51.8,49.0,32.3,29.4,29.4,33.3,70.8,-5.5,2024,11–5,,UMass Lowell,0.3423358652915116
165,Georgetown,BE,31,9–22,109.8,110.0,0.4944,48.6,55.7,17.9,16.5,33.5,30.7,33.9,33.6,46.3,57.5,34.6,35.2,40.9,37.6,67.8,-9.8,2024,2–18,,Georgetown,0.6651412899294508
166,Stony Brook,CAA,33,19–14,105.9,106.3,0.4889,50.2,49.9,15.3,15.3,26.9,29.3,29.6,27.5,48.8,48.5,35.1,34.5,36.3,42.2,68.5,-7.3,2024,10–8,,Stony Brook,0.4603064142094489
167,Bryant,AE,30,18–12,100.0,100.5,0.4861,50.7,45.4,15.8,16.8,20.5,30.2,30.1,33.8,51.4,44.9,33.1,30.8,37.8,35.4,75.2,-6.6,2024,11–5,,Bryant,0.4103250271035466
168,Longwood,BSth,31,18–13,103.6,104.2,0.484,49.4,51.3,18.0,19.6,36.7,25.5,39.5,36.1,48.6,50.9,34.2,34.6,28.3,39.5,67.8,-8.8,2024,6–10,Longwood,R,0.3660544071734614
169,Hawaii,BW,30,17–13,103.7,104.3,0.4816,52.7,48.5,18.5,15.7,26.1,24.9,38.3,34.4,54.4,49.1,33.6,31.3,42.6,25.3,67.1,-8.7,2024,11–9,,Hawaii,0.3892523997177969
170,UNC Asheville,BSth,31,19–12,106.3,107.0,0.4812,52.1,50.1,17.1,16.9,27.3,31.4,40.8,34.3,50.5,50.6,36.4,32.9,37.3,35.8,69.1,-6.8,2024,12–4,,UNC Asheville,0.4047391750776355
171,UTEP,CUSA,28,13–15,97.7,98.3,0.4805,48.2,51.8,21.0,26.3,28.8,31.2,42.5,46.5,48.9,53.6,31.1,32.3,31.4,34.4,70.8,-10.2,2024,7–9,,UTEP,0.4365841179357572
172,Loyola Marymount,WCC,30,11–19,107.8,108.6,0.4783,51.6,50.4,16.3,12.4,29.4,27.1,28.8,28.3,49.2,49.8,36.8,34.3,39.9,31.7,65.8,-11.8,2024,5–11,,Loyola Marymount,0.4910622928970267
173,Illinois Chicago,MVC,32,11–21,100.6,101.5,0.4749,50.6,48.9,17.7,17.4,22.9,28.4,26.0,35.9,48.4,49.2,36.0,32.2,40.8,35.0,69.1,-13.4,2024,4–16,,Illinois Chicago,0.5340084136856559
174,Purdue Fort Wayne,Horz,31,19–12,103.4,104.3,0.4742,53.8,51.5,14.5,22.0,22.8,30.0,31.0,32.6,53.4,52.8,36.3,32.8,42.8,36.5,71.6,-7.8,2024,11–9,,Purdue Fort Wayne,0.3465555940759349
175,Quinnipiac,MAAC,30,22–8,104.7,105.7,0.4727,50.7,49.2,17.0,17.5,30.9,27.9,30.6,30.0,50.1,47.9,34.6,34.3,34.9,36.7,72.6,-4.6,2024,15–5,,Quinnipiac,0.3161882067874408
176,Colgate,Pat,32,23–9,102.0,102.9,0.4724,53.2,47.4,16.3,16.3,24.7,24.6,27.5,24.8,52.7,48.7,36.1,30.4,38.4,39.5,67.3,-4.2,2024,16–2,Colgate,R,0.344992627053059
177,Utah Valley,WAC,29,14–15,98.5,99.6,0.4684,47.3,47.9,18.0,18.2,28.3,27.1,35.3,35.9,49.0,47.7,28.8,32.3,29.2,34.7,68.7,-8.7,2024,11–9,,Utah Valley,0.4798752415266333
178,Saint Louis,A10,30,11–19,110.8,112.3,0.4635,51.3,54.3,16.9,14.3,26.2,28.9,35.6,35.1,49.2,53.9,36.6,36.5,37.6,42.8,70.5,-10.5,2024,5–13,,Saint Louis,0.6062905247490763
179,Kent St.,MAC,29,13–16,105.8,107.2,0.4611,50.7,52.0,17.4,18.7,30.9,28.7,32.7,35.0,48.5,53.0,36.1,33.7,39.7,39.6,68.0,-11.1,2024,8–10,,Kent St.,0.4146978255689011
180,La Salle,A10,30,14–16,105.7,107.5,0.4525,49.3,51.0,14.4,15.6,27.0,30.7,25.0,32.6,47.9,50.0,34.3,35.4,40.2,32.6,68.0,-9.2,2024,6–12,,La Salle,0.5096400593546838
181,Texas A&M Corpus Chris,Slnd,27,17–10,100.1,101.9,0.4468,46.8,47.4,17.6,19.6,34.2,25.0,35.9,47.4,47.4,47.8,30.2,31.1,29.0,36.1,69.6,-5.6,2024,14–4,,Texas A&M Corpus Chris,0.2958774060795318
182,Rhode Island,A10,30,11–19,106.9,109.3,0.4373,51.5,52.6,18.6,13.0,29.3,28.2,39.2,29.8,51.0,51.7,35.1,35.9,33.3,39.5,69.7,-11.4,2024,6–12,,Rhode Island,0.5657923962404882
183,East Tennessee St.,SC,33,17–16,101.9,104.2,0.4349,46.9,50.9,18.1,18.8,35.1,29.4,33.9,36.7,47.1,51.2,31.2,33.7,40.9,38.5,67.9,-9.8,2024,8–10,,East Tennessee St.,0.4444214286092771
184,Penn,Ivy,27,9–18,108.4,110.9,0.4332,51.9,54.0,16.7,14.0,29.1,26.6,27.0,26.7,51.2,53.9,35.3,36.1,43.1,43.7,66.5,-11.4,2024,3–11,,Penn,0.483622997495315
185,Fairfield,MAAC,30,19–11,106.8,109.4,0.4326,52.8,52.2,16.0,20.5,28.3,31.4,28.5,25.8,49.7,53.3,38.0,33.5,41.7,37.0,69.7,-7.4,2024,14–6,,Fairfield,0.3483214221163385
186,Tulsa,Amer,29,15–14,101.0,103.4,0.4318,50.2,49.5,18.4,18.3,24.6,30.1,40.0,34.2,51.8,49.9,31.9,32.6,40.8,39.1,71.4,-8.5,2024,7–11,,Tulsa,0.4762283889022194
187,Monmouth,CAA,33,18–15,104.7,107.3,0.4316,49.4,50.0,15.3,17.8,30.5,32.2,29.2,33.3,47.8,49.3,34.8,34.0,36.3,43.2,68.7,-8.6,2024,10–8,,Monmouth,0.4666454301224906
188,Little Rock,OVC,33,21–12,105.8,108.5,0.4305,52.5,48.0,17.3,17.9,32.1,30.3,33.5,35.2,53.1,48.0,34.1,32.0,30.9,37.8,69.8,-9.6,2024,14–4,,Little Rock,0.2876328023719527
189,Fordham,A10,31,12–19,100.1,102.6,0.4294,46.9,50.5,18.1,19.4,32.1,27.4,35.1,44.1,46.5,48.9,31.6,36.0,42.2,30.4,70.0,-12.1,2024,6–12,,Fordham,0.5433785350848928
190,Louisville,ACC,31,8–23,103.9,106.5,0.4293,47.9,54.4,18.0,16.3,28.2,27.5,39.5,32.5,49.3,53.5,29.8,37.2,31.2,39.2,70.5,-11.8,2024,3–17,,Louisville,0.6783871354115086
191,Pepperdine,WCC,31,11–20,105.5,108.2,0.4284,50.8,54.7,16.4,16.9,28.5,25.9,32.6,33.9,49.5,53.4,35.6,38.4,32.4,31.6,68.4,-12.2,2024,5–11,,Pepperdine,0.4806219931900523
192,Rice,Amer,30,10–20,105.2,107.9,0.4281,50.2,52.4,17.4,15.0,28.3,28.9,29.8,27.9,50.8,50.0,32.8,37.4,39.6,38.6,66.9,-12.3,2024,5–13,,Rice,0.5358604665650885
193,George Washington,A10,30,14–16,106.4,109.1,0.4274,51.7,50.0,17.1,14.1,26.0,29.4,33.8,23.2,50.5,48.8,35.6,34.7,41.5,38.6,71.2,-9.3,2024,4–14,,George Washington,0.499030015271149
194,Vanderbilt,SEC,31,9–22,103.2,106.0,0.4255,45.0,53.1,15.2,16.0,28.3,29.4,35.2,29.1,47.0,51.0,28.1,37.4,39.9,39.6,66.6,-9.9,2024,4–14,,Vanderbilt,0.6907653185176234
195,Jacksonville St.,CUSA,28,11–17,100.9,103.6,0.4233,48.1,50.0,20.2,18.2,33.6,25.5,37.3,35.7,48.0,49.2,32.1,34.3,28.5,36.0,65.6,-12.1,2024,6–10,,Jacksonville St.,0.4065168540992941
196,Gardner Webb,BSth,30,14–16,101.9,104.7,0.4228,49.1,50.3,16.1,16.0,27.9,26.7,35.9,39.4,47.4,50.0,34.8,34.0,35.3,33.9,70.4,-10.3,2024,11–5,,Gardner Webb,0.4405577008454732
197,Cleveland St.,Horz,33,19–14,106.7,109.7,0.4221,49.9,51.5,15.0,19.5,34.2,35.2,31.4,38.4,49.7,55.1,33.5,30.5,31.3,37.9,68.3,-8.7,2024,11–9,,Cleveland St.,0.4007799007225658
198,Northern Kentucky,Horz,31,16–15,102.2,105.1,0.422,50.6,51.3,17.3,20.1,29.4,32.6,35.1,28.8,52.2,54.5,31.6,31.2,33.5,41.6,68.9,-9.6,2024,12–8,,Northern Kentucky,0.4027857547864252
199,Radford,BSth,31,14–17,107.3,110.6,0.4154,50.8,50.9,16.2,15.8,30.7,34.0,28.0,31.7,49.4,52.4,35.7,32.4,34.2,39.7,64.5,-11.2,2024,5–11,,Radford,0.4082540573288538
200,Abilene Christian,WAC,30,14–16,101.7,104.8,0.4145,46.9,52.2,17.0,20.8,26.1,30.6,38.3,40.1,45.3,53.4,34.2,33.0,25.6,31.1,69.5,-10.2,2024,10–10,,Abilene Christian,0.4730450364812001
201,Eastern Kentucky,ASun,28,14–14,106.2,109.5,0.4126,50.6,49.8,16.1,13.9,33.1,31.0,32.0,29.5,48.8,45.6,36.1,38.7,33.6,33.4,69.5,-9.5,2024,12–4,,Eastern Kentucky,0.3469949075341229
202,Illinois St.,MVC,31,14–17,101.2,104.5,0.4103,47.7,50.9,17.1,16.4,28.9,26.0,36.1,27.2,50.4,52.3,28.8,32.5,37.5,39.6,64.7,-10.1,2024,9–11,,Illinois St.,0.5092004876116262
203,Harvard,Ivy,26,13–13,101.8,105.2,0.4076,50.2,50.1,17.8,16.0,26.5,31.3,35.7,25.8,49.9,49.5,33.8,33.9,39.4,40.8,68.5,-7.7,2024,5–9,,Harvard,0.4635732243035712
204,Merrimack,NEC,30,19–11,96.6,99.8,0.4075,50.2,46.2,19.1,23.3,22.4,34.6,35.3,32.6,52.5,45.7,31.3,31.4,42.3,31.3,68.3,-6.8,2024,13–3,,Merrimack,0.2934365272969018
205,Cal Baptist,WAC,29,13–16,101.5,104.8,0.4069,46.9,48.9,17.7,15.4,33.1,24.6,37.4,30.6,45.6,48.3,32.8,33.8,36.3,26.5,64.7,-11.2,2024,8–12,,Cal Baptist,0.4245833905933769
206,Columbia,Ivy,24,10–14,106.4,110.1,0.4044,52.5,52.8,17.8,17.0,27.9,28.6,29.3,28.5,50.2,54.1,37.4,33.9,38.5,42.2,69.5,-10.0,2024,4–10,,Columbia,0.3798875733589411
207,Texas St.,SB,33,15–18,98.8,102.2,0.404,47.1,49.7,19.9,18.6,31.2,29.4,37.8,38.3,47.1,50.6,31.4,32.1,24.3,35.4,67.3,-10.6,2024,7–11,,Texas St.,0.4762206351006962
208,Temple,Amer,30,11–19,102.4,106.0,0.4016,45.7,51.1,14.2,17.1,28.9,30.2,32.0,36.1,45.0,51.2,31.1,33.9,43.2,38.4,67.7,-12.2,2024,5–13,,Temple,0.5400938529258874
209,Northeastern,CAA,32,12–20,105.9,109.7,0.3994,51.2,53.8,18.9,17.0,31.8,27.7,29.8,28.3,53.3,52.3,31.8,37.5,36.1,38.8,66.6,-14.2,2024,7–11,,Northeastern,0.4624450963109912
210,Lipscomb,ASun,30,18–12,109.0,112.9,0.3992,56.2,53.5,14.2,16.1,23.2,29.3,27.5,22.8,55.7,52.8,38.1,36.5,39.8,36.6,70.1,-7.4,2024,11–5,,Lipscomb,0.363928442803137
211,Northern Colorado,BSky,30,17–13,107.8,111.8,0.3961,55.7,53.1,15.7,15.5,24.0,25.4,28.1,29.4,56.7,52.7,36.0,35.8,35.8,40.0,70.9,-9.1,2024,12–6,,Northern Colorado,0.3537119294108902
212,UMKC,Sum,29,13–16,100.8,104.7,0.3926,49.4,51.1,17.9,17.3,31.3,25.3,29.3,45.1,48.9,52.7,33.4,32.4,43.4,37.5,67.4,-11.2,2024,10–6,,UMKC,0.3634932091393384
213,Evansville,MVC,32,15–17,101.4,105.3,0.3924,50.0,52.8,16.4,16.9,21.6,25.5,29.0,27.9,49.8,52.0,33.7,35.9,34.8,43.5,69.5,-9.1,2024,6–14,,Evansville,0.520379106322279
214,Marist,MAAC,29,17–12,96.7,100.6,0.3898,50.6,47.1,18.2,20.7,23.4,27.1,29.7,35.2,49.4,46.4,35.2,32.3,36.7,38.4,65.6,-9.3,2024,12–8,,Marist,0.3121791920024858
215,Long Beach St.,BW,30,16–14,103.9,108.0,0.3898,48.7,51.8,17.6,19.3,33.5,29.8,38.2,33.1,49.8,50.2,30.6,35.8,28.1,44.3,72.7,-8.8,2024,10–10,Long Beach St.,R,0.4420967483925183
216,Montana St.,BSky,29,13–16,102.2,106.4,0.3877,53.7,52.4,17.1,18.8,20.5,28.7,31.1,37.6,52.8,54.7,36.6,32.2,41.4,35.2,69.4,-12.0,2024,9–9,Montana St.,R,0.357763178105776
217,Mercer,SC,30,14–16,103.1,107.3,0.3873,50.1,51.2,16.6,17.9,30.6,31.1,27.6,38.9,48.8,51.2,35.4,34.2,30.1,36.9,66.9,-10.6,2024,8–10,,Mercer,0.4141369090769414
218,Mount St. Mary's,MAAC,31,13–18,102.3,106.5,0.3866,53.2,49.0,20.7,18.0,30.4,27.8,26.9,30.9,53.6,47.4,35.0,34.7,33.2,35.0,69.9,-14.1,2024,9–11,,Mount St. Mary's,0.3406916164836191
219,San Jose St.,MWC,30,8–22,105.0,109.3,0.3866,51.5,54.3,15.7,16.0,22.4,30.4,22.7,36.2,51.4,51.9,34.5,39.1,42.2,35.1,66.8,-13.6,2024,2–16,,San Jose St.,0.568694631944391
220,Brown,Ivy,28,11–17,102.8,107.2,0.382,49.3,51.7,18.3,17.1,32.2,26.9,33.0,33.1,48.4,52.5,33.8,33.6,40.6,38.0,67.7,-11.6,2024,8–6,,Brown,0.4845631663111434
221,Saint Peter's,MAAC,28,15–13,97.2,101.4,0.3808,45.1,47.8,19.5,21.2,35.0,28.8,37.2,43.3,42.6,47.3,33.6,32.6,31.3,35.3,65.5,-9.3,2024,12–8,Saint Peter's,R,0.3774914210709196
222,Wofford,SC,29,14–15,106.1,110.7,0.3803,53.3,51.5,16.9,14.1,29.4,26.2,27.7,34.6,53.4,50.0,35.5,35.7,45.3,42.8,66.5,-9.1,2024,10–8,,Wofford,0.4481624779240136
223,Iona,MAAC,31,15–16,103.2,107.7,0.379,50.1,53.2,14.9,22.5,28.5,31.2,29.1,38.0,48.3,54.2,35.3,34.4,38.2,40.4,68.3,-11.8,2024,10–10,,Iona,0.3731823554541064
224,Bowling Green,MAC,29,17–12,101.9,106.6,0.3751,48.4,51.0,16.3,16.1,30.3,25.8,35.4,27.9,50.5,49.4,29.6,36.1,34.8,34.3,68.9,-8.7,2024,10–8,,Bowling Green,0.3417752351289665
225,Southern,SWAC,28,15–13,97.9,102.3,0.3747,49.8,50.2,20.1,22.3,26.4,30.9,34.7,45.9,49.9,51.4,33.1,32.1,38.0,36.0,68.8,-7.3,2024,12–6,,Southern,0.3327942083057291
226,Air Force,MWC,30,9–21,106.0,110.9,0.3724,54.1,54.3,18.7,17.7,24.3,31.0,29.7,39.9,53.5,53.7,36.5,36.9,46.9,36.9,62.9,-13.4,2024,2–16,,Air Force,0.544647610640618
227,South Alabama,SB,29,14–15,103.1,108.0,0.3705,50.9,50.7,16.3,16.7,22.8,31.8,31.6,33.9,50.0,52.3,35.1,31.9,36.1,36.1,69.0,-10.2,2024,8–10,,South Alabama,0.3829860908408362
228,UC Riverside,BW,30,13–17,102.3,107.3,0.3662,46.2,51.8,14.5,15.7,30.1,24.9,27.4,34.9,44.7,51.4,32.2,34.9,41.8,33.7,67.8,-11.1,2024,10–10,,UC Riverside,0.4284422072524274
229,Georgia St.,SB,29,12–17,104.3,109.5,0.3658,48.5,49.3,13.8,14.2,27.2,30.5,28.6,35.9,48.6,51.2,32.2,30.8,35.3,38.5,68.9,-11.8,2024,8–10,,Georgia St.,0.4224789183960176
230,UC Santa Barbara,BW,28,14–14,104.5,109.7,0.3629,53.6,50.5,19.3,14.3,25.2,26.6,38.9,30.1,53.7,51.9,35.7,31.8,30.0,33.8,68.3,-9.8,2024,9–11,,UC Santa Barbara,0.3870317143090562
231,Cal St. Fullerton,BW,30,12–18,99.0,104.0,0.3605,48.0,49.9,18.1,17.9,24.3,29.6,38.6,35.6,47.7,51.3,32.2,31.8,36.2,38.6,67.3,-11.9,2024,7–13,,Cal St. Fullerton,0.4400456622768584
232,Stetson,ASun,31,19–12,108.4,114.1,0.3568,53.4,52.0,15.8,13.5,27.5,31.2,31.7,25.9,52.5,52.2,36.5,34.5,41.8,37.4,66.9,-7.0,2024,11–5,Stetson,R,0.3716672178791344
233,Rider,MAAC,30,14–16,102.6,108.1,0.3532,48.3,49.7,18.0,15.8,31.7,28.7,32.0,36.0,47.0,48.3,34.3,34.7,28.2,38.6,68.9,-10.3,2024,12–8,,Rider,0.4109521252946014
234,Marshall,SB,32,12–20,100.1,105.6,0.3512,46.8,51.4,16.5,16.2,29.8,27.9,28.8,29.9,47.1,49.8,31.0,36.2,41.3,35.3,71.5,-14.1,2024,7–11,,Marshall,0.4612283149465941
235,Tennessee Martin,OVC,28,17–11,104.9,110.7,0.3507,50.5,49.3,15.0,13.2,27.0,26.3,32.8,24.6,48.2,49.4,36.2,32.8,38.1,41.0,73.8,-6.9,2024,14–4,,Tennessee Martin,0.3081699819965161
236,North Dakota,Sum,29,15–14,104.2,110.1,0.3462,50.2,52.4,15.0,15.3,30.7,26.1,32.2,29.6,51.5,52.2,32.3,35.2,41.8,33.9,67.6,-10.1,2024,10–6,,North Dakota,0.3263294432326553
237,Norfolk St.,MEAC,27,17–10,101.6,107.5,0.3439,48.8,49.5,18.7,22.0,30.9,31.6,42.3,44.0,48.6,48.5,32.8,33.8,32.4,45.9,67.6,-6.0,2024,11–3,,Norfolk St.,0.2964125632887012
238,Cal St. Northridge,BW,30,16–14,98.8,104.5,0.3437,48.8,48.3,19.3,18.1,31.3,27.0,37.6,38.7,50.2,47.4,30.0,33.0,26.2,44.6,73.8,-9.8,2024,9–11,,Cal St. Northridge,0.3731905409429233
239,North Florida,ASun,29,13–16,105.6,111.9,0.3403,53.6,52.6,16.3,14.4,23.5,29.9,28.3,33.7,53.3,52.3,35.9,35.5,54.7,29.9,68.0,-11.6,2024,9–7,,North Florida,0.3488980861110206
240,UTSA,Amer,30,10–20,106.9,113.4,0.3375,48.7,52.3,15.6,13.1,32.1,29.1,34.9,34.8,47.2,50.2,33.6,37.1,44.6,37.7,71.6,-13.9,2024,5–13,,UTSA,0.4771615317035254
241,Lamar,Slnd,30,17–13,102.7,109.0,0.337,51.0,49.1,17.8,19.6,33.1,32.0,32.8,39.1,50.3,48.3,35.0,33.5,34.6,40.2,69.4,-9.5,2024,12–6,,Lamar,0.3086026048943117
242,Fresno St.,MWC,30,10–20,102.0,108.2,0.336,51.4,53.3,18.6,15.5,24.4,30.4,30.2,26.3,52.3,52.1,33.2,36.9,38.4,36.9,66.4,-11.2,2024,4–14,,Fresno St.,0.5703047670962984
243,San Diego,WCC,31,16–15,100.1,106.2,0.3351,49.0,52.5,18.3,18.1,27.1,31.8,32.0,38.6,47.4,53.7,34.8,33.9,34.1,39.8,72.1,-7.9,2024,7–9,,San Diego,0.4689861463970206
244,Maine,AE,31,14–17,96.2,102.1,0.333,47.8,49.9,16.7,19.2,23.0,27.8,30.0,32.1,49.3,50.6,29.7,32.3,32.2,33.2,66.5,-12.2,2024,7–9,,Maine,0.395926910792384
245,Southern Utah,WAC,29,8–21,104.7,111.4,0.3308,48.4,52.6,16.9,17.0,27.9,33.0,36.2,32.2,50.8,53.0,29.4,34.3,35.0,27.2,70.5,-15.1,2024,5–15,,Southern Utah,0.4569155998281068
246,Miami OH,MAC,29,13–16,100.2,106.6,0.3296,51.1,49.3,17.3,17.9,22.8,30.9,30.9,32.4,48.5,50.0,36.6,32.2,40.3,36.9,68.0,-11.7,2024,9–9,,Miami OH,0.3815857558630096
247,Austin Peay,ASun,31,16–15,106.2,113.0,0.3293,50.7,53.1,13.3,16.3,30.2,31.4,31.8,37.8,48.9,54.1,36.2,34.3,34.8,36.4,65.2,-10.5,2024,10–6,,Austin Peay,0.3609197138297279
248,Green Bay,Horz,30,16–14,102.1,108.6,0.3286,52.4,49.4,18.6,14.0,27.3,28.4,29.4,34.2,53.7,51.6,34.0,30.2,48.2,35.3,64.5,-9.2,2024,13–7,,Green Bay,0.3873590410201837
249,Canisius,MAAC,29,12–17,100.7,107.2,0.3282,49.6,51.1,19.1,16.2,32.7,27.9,28.7,28.8,49.2,51.2,33.5,33.9,36.1,32.0,68.3,-12.5,2024,8–12,,Canisius,0.3905272815075174
250,Albany,AE,31,12–19,103.6,110.2,0.3277,50.4,51.4,17.7,17.0,30.6,29.4,29.2,38.9,51.0,54.6,32.9,29.3,36.9,29.6,74.0,-13.9,2024,5–11,,Albany,0.3942084215486127
251,Nicholls St.,Slnd,29,16–13,102.1,108.8,0.3266,51.2,49.2,18.7,16.4,27.2,32.7,36.9,38.5,48.3,50.4,37.0,31.4,40.1,35.9,67.3,-7.7,2024,13–5,,Nicholls St.,0.3659701872387181
252,Milwaukee,Horz,32,18–14,106.1,113.1,0.3249,51.2,50.6,18.2,15.6,36.2,32.5,34.2,32.5,52.7,50.2,32.5,34.1,39.1,38.4,70.8,-9.1,2024,12–8,,Milwaukee,0.3850157443750115
253,Portland St.,BSky,29,14–15,98.7,105.2,0.3243,46.8,52.0,16.4,18.6,29.8,28.3,34.3,34.7,45.6,51.1,32.4,35.6,37.6,38.2,70.2,-11.1,2024,8–10,,Portland St.,0.353664303856162
254,Florida Gulf Coast,ASun,29,11–18,102.1,108.9,0.3212,52.1,52.8,17.6,15.8,29.6,28.3,27.2,29.3,50.8,52.0,36.2,35.9,37.3,42.8,64.8,-13.3,2024,8–8,,Florida Gulf Coast,0.3693523524449625
255,Idaho St.,BSky,31,12–19,102.8,109.8,0.3184,51.3,54.2,16.7,18.2,30.3,27.1,33.9,32.7,53.0,54.4,32.1,35.8,35.3,29.7,64.9,-14.7,2024,7–11,,Idaho St.,0.3602016426914848
256,Southern Miss,SB,30,14–16,100.1,107.0,0.3166,48.4,50.5,18.5,17.2,28.9,30.5,37.9,33.0,47.2,48.9,33.8,35.7,33.6,34.5,68.8,-11.1,2024,9–9,,Southern Miss,0.4248208905590644
257,North Carolina Central,MEAC,25,13–12,103.1,110.3,0.3137,50.2,48.7,17.4,18.0,30.4,33.1,40.4,36.4,50.6,51.2,33.0,29.8,38.2,37.3,67.3,-8.7,2024,9–5,,North Carolina Central,0.2646298704767585
258,Middle Tennessee,CUSA,29,11–18,98.0,105.1,0.3089,46.3,49.5,20.6,15.7,29.0,30.7,34.8,30.0,46.2,49.4,30.9,33.1,42.0,29.8,66.0,-12.8,2024,7–9,,Middle Tennessee,0.4803704412202267
259,Cal St. Bakersfield,BW,29,11–18,99.1,106.3,0.3083,46.6,49.7,18.2,18.7,32.9,31.3,32.4,46.0,46.2,49.2,31.8,33.7,25.9,36.3,65.6,-12.9,2024,8–12,,Cal St. Bakersfield,0.4127882561513393
260,Ball St.,MAC,29,13–16,102.7,110.2,0.308,50.8,51.3,18.2,16.2,27.3,27.9,38.2,27.6,48.7,50.6,36.1,35.1,37.9,35.2,67.6,-12.5,2024,7–11,,Ball St.,0.3257039968157039
261,North Dakota St.,Sum,29,12–17,103.8,111.5,0.3066,53.3,53.7,16.8,13.2,24.3,24.7,30.3,28.5,51.4,52.8,37.7,36.8,35.9,34.7,66.6,-12.0,2024,8–8,,North Dakota St.,0.3986759475827709
262,Lehigh,Pat,29,12–17,99.1,106.4,0.3059,49.8,51.5,17.1,17.9,22.1,23.2,33.7,29.6,50.1,50.0,32.9,36.1,37.4,37.2,71.2,-12.7,2024,9–9,,Lehigh,0.3238403647433603
263,Western Illinois,OVC,29,17–12,97.4,104.7,0.303,46.5,46.5,20.1,14.2,37.2,28.9,35.6,25.1,46.0,46.8,31.7,30.4,31.0,30.7,65.6,-8.0,2024,13–5,,Western Illinois,0.2897848001841038
264,New Hampshire,AE,29,15–14,98.9,106.5,0.2987,48.2,50.6,16.4,16.5,23.4,25.6,30.0,27.4,47.9,53.5,32.4,30.7,43.6,38.2,72.3,-8.8,2024,7–9,,New Hampshire,0.4143796753322339
265,Queens,ASun,31,12–19,103.1,111.2,0.2957,49.9,54.1,15.7,15.4,27.6,29.5,33.7,29.4,50.1,55.8,33.0,34.2,40.8,36.7,73.7,-13.5,2024,7–9,,Queens,0.401602278447308
266,Denver,Sum,29,13–16,107.6,116.1,0.2952,52.0,54.7,14.2,14.3,27.6,28.0,35.7,31.8,51.4,54.5,35.3,36.8,40.6,35.3,71.5,-11.6,2024,6–10,,Denver,0.3526121410807898
267,North Alabama,ASun,30,13–17,103.9,112.2,0.2924,49.8,51.5,14.6,14.2,27.0,27.8,32.9,40.9,47.9,50.6,35.6,35.4,34.6,34.8,68.7,-12.2,2024,8–8,,North Alabama,0.3627343533482684
268,New Mexico St.,CUSA,27,9–18,99.1,107.1,0.2923,46.8,50.7,17.8,16.1,25.4,29.7,33.0,44.6,46.9,49.8,31.1,34.6,34.8,42.7,67.3,-11.8,2024,7–9,,New Mexico St.,0.470528255358442
269,Kennesaw St.,ASun,28,12–16,104.0,112.4,0.2914,51.5,53.1,16.0,17.6,30.0,30.5,35.4,43.2,53.0,51.3,32.9,37.2,42.5,39.5,75.0,-12.6,2024,6–10,,Kennesaw St.,0.3272837947369169
270,Nebraska Omaha,Sum,29,11–18,102.6,110.8,0.2913,49.5,53.4,14.5,15.9,24.7,26.4,39.7,32.2,50.5,53.3,31.6,35.7,33.0,42.5,68.3,-13.5,2024,7–9,,Nebraska Omaha,0.3449552648348655
271,Central Michigan,MAC,30,17–13,96.1,103.9,0.2905,46.9,47.5,17.7,16.3,29.1,30.2,27.9,30.6,48.0,48.1,30.0,31.1,35.0,41.0,66.4,-7.4,2024,12–6,,Central Michigan,0.3944272515224473
272,The Citadel,SC,29,8–21,101.2,109.5,0.2878,50.6,53.5,18.0,16.1,27.3,26.8,33.7,22.5,51.3,54.1,32.8,35.2,33.3,39.9,66.3,-15.7,2024,3–15,,The Citadel,0.4235228857849528
273,Oral Roberts,Sum,28,9–19,103.0,111.4,0.2875,51.1,51.4,14.2,14.5,20.9,30.6,26.0,32.3,49.1,50.0,36.0,35.8,42.1,38.5,68.6,-13.6,2024,5–11,,Oral Roberts,0.4171232769126082
274,Howard,MEAC,29,13–16,104.4,113.1,0.2849,51.8,51.2,21.4,17.0,33.1,31.1,40.6,39.1,49.3,51.1,37.1,34.3,38.5,34.4,69.0,-12.3,2024,9–5,Howard,R,0.3094051378437252
275,Utah Tech,WAC,30,10–20,99.1,107.4,0.2849,50.4,50.4,21.8,18.3,28.2,31.6,40.3,43.2,50.2,50.1,33.7,33.9,34.7,36.7,71.2,-13.9,2024,7–13,,Utah Tech,0.4668086832844519
276,Central Connecticut,NEC,29,18–11,100.0,108.4,0.284,50.2,49.6,16.7,17.5,27.6,26.8,33.0,26.7,50.8,48.2,32.8,34.8,35.4,35.2,67.7,-8.1,2024,13–3,,Central Connecticut,0.2597516505967535
277,Portland,WCC,31,10–21,103.4,112.2,0.2807,50.5,55.3,17.1,13.2,23.6,28.8,31.7,22.6,49.9,53.9,34.1,38.0,44.5,45.1,68.6,-13.3,2024,5–11,,Portland,0.5034850769149575
278,Binghamton,AE,28,13–15,101.5,110.4,0.2755,49.4,50.0,18.0,13.3,29.1,25.0,34.3,34.8,51.4,48.4,29.9,35.0,30.7,38.0,67.5,-10.7,2024,7–9,,Binghamton,0.3599393381296344
279,UMBC,AE,31,10–21,103.9,113.1,0.2751,52.7,50.3,17.5,14.9,25.5,31.0,24.1,28.3,52.6,52.2,35.3,31.3,35.1,36.4,74.2,-16.9,2024,6–10,,UMBC,0.3552416801329948
280,Bucknell,Pat,33,14–19,98.9,107.8,0.2701,50.4,49.5,18.9,16.4,25.9,28.6,29.0,31.5,50.2,50.1,33.8,32.4,44.9,42.2,65.8,-14.6,2024,10–8,,Bucknell,0.3450367124685359
281,Niagara,MAAC,29,14–15,102.4,111.7,0.2683,51.8,52.2,17.1,16.1,23.5,27.0,36.5,30.7,50.6,51.9,36.3,35.3,31.3,27.7,68.3,-11.6,2024,11–9,,Niagara,0.3337168046971888
282,Texas Southern,SWAC,28,13–15,96.7,105.7,0.2646,46.7,48.6,18.4,18.0,30.0,30.3,30.8,39.4,46.3,48.3,31.5,32.8,39.1,36.1,68.9,-9.8,2024,12–6,,Texas Southern,0.3472936111326529
283,SIU Edwardsville,OVC,30,14–16,100.5,109.8,0.2645,47.2,51.1,15.6,17.4,30.1,28.2,31.9,37.2,46.2,49.2,32.5,36.2,36.8,37.5,67.8,-12.0,2024,9–9,,SIU Edwardsville,0.3092772701261058
284,Georgia Southern,SB,33,9–24,103.6,113.3,0.2635,50.8,52.0,18.8,17.3,28.8,33.9,28.9,43.1,49.3,51.4,35.2,35.5,44.6,36.4,69.8,-17.9,2024,8–10,,Georgia Southern,0.4450882498105221
285,USC Upstate,BSth,27,7–20,99.5,109.1,0.2586,49.6,52.0,16.4,18.6,23.9,34.3,29.5,45.0,50.2,53.0,32.5,33.5,39.9,35.7,68.0,-15.3,2024,5–11,,USC Upstate,0.4106634858844297
286,Tennessee St.,OVC,29,14–15,98.3,107.8,0.2562,48.8,48.8,19.7,18.6,28.4,32.0,38.1,44.3,49.8,48.6,31.3,32.7,35.9,34.3,69.2,-11.4,2024,10–8,,Tennessee St.,0.2893711713391323
287,Jackson St.,SWAC,31,15–16,100.4,110.2,0.2548,47.4,52.6,19.1,18.9,34.4,31.6,34.6,34.3,46.4,52.3,32.9,35.4,33.7,39.7,69.9,-10.7,2024,11–7,,Jackson St.,0.3556244843891836
288,FIU,CUSA,30,9–21,99.9,109.7,0.2543,49.5,55.9,19.0,24.3,27.5,36.7,28.1,36.5,50.2,52.8,32.3,40.8,41.9,36.5,71.4,-15.7,2024,5–11,,FIU,0.4509307243268523
289,Northern Illinois,MAC,29,9–20,102.2,112.5,0.2498,49.8,52.9,18.1,14.3,28.0,31.2,36.2,34.7,50.2,51.8,32.7,36.7,39.1,35.8,69.1,-14.3,2024,5–13,,Northern Illinois,0.4434693826959279
290,American,Pat,31,15–16,103.2,113.6,0.249,52.5,53.4,17.3,17.0,27.9,25.6,28.4,29.8,52.8,51.9,34.7,36.9,44.9,42.3,63.8,-12.5,2024,10–8,,American,0.2814521672922364
291,Alcorn St.,SWAC,30,13–17,105.8,116.5,0.2477,49.1,55.3,16.9,17.2,33.7,30.5,37.1,36.3,48.2,54.3,34.3,37.7,26.5,46.0,67.6,-10.4,2024,13–5,,Alcorn St.,0.3970796783540979
292,Valparaiso,MVC,31,6–25,99.3,109.3,0.2476,46.2,54.5,15.9,17.3,25.7,30.3,23.3,30.7,45.0,55.0,32.1,35.8,36.3,35.2,68.8,-17.4,2024,3–17,,Valparaiso,0.5366649987134583
293,Sacred Heart,NEC,30,14–16,100.7,111.0,0.2468,51.5,51.6,17.1,20.1,25.9,32.6,31.7,31.9,50.2,50.6,35.9,35.3,34.1,41.6,70.2,-12.7,2024,10–6,,Sacred Heart,0.2622964952975909
294,Old Dominion,SB,31,6–25,98.3,108.3,0.2453,47.6,51.3,15.0,18.0,25.2,31.2,27.1,39.7,47.5,50.0,31.8,35.5,35.1,42.0,70.8,-19.5,2024,3–15,,Old Dominion,0.4604961976385809
295,DePaul,BE,31,3–28,100.6,111.1,0.2421,48.3,56.6,20.1,14.5,22.0,33.0,34.4,28.9,47.2,56.0,33.6,38.4,34.4,40.4,68.8,-14.3,2024,0–20,,DePaul,0.7344168082979894
296,Presbyterian,BSth,29,11–18,101.2,111.8,0.2411,51.3,52.6,17.1,17.6,26.3,27.8,37.3,43.1,52.1,52.7,33.1,34.9,32.9,35.7,68.4,-14.1,2024,6–10,,Presbyterian,0.3476862912293655
297,Louisiana Monroe,SB,28,9–19,99.5,110.1,0.2392,44.8,52.6,18.2,17.2,34.1,29.0,38.4,37.6,45.6,51.7,28.5,35.8,28.7,44.9,68.0,-13.5,2024,6–12,,Louisiana Monroe,0.4308069854178679
298,Boston University,Pat,32,15–17,97.2,107.6,0.2382,47.8,50.0,17.7,16.9,26.6,23.0,30.2,36.2,46.8,48.7,32.8,34.6,40.8,41.0,66.8,-14.2,2024,10–8,,Boston University,0.277961045410576
299,Chicago St.,ind,27,9–18,96.9,107.5,0.2325,45.7,53.0,20.5,21.5,32.2,35.7,38.9,36.4,46.1,55.3,29.9,32.5,34.2,35.3,66.2,-12.6,2024,0–0,,Chicago St.,0.404514962617716
300,Bellarmine,ASun,28,5–23,99.9,111.1,0.2276,49.0,53.9,14.5,14.6,21.8,29.4,21.4,31.9,48.3,55.1,33.6,35.0,37.3,44.4,66.0,-17.6,2024,4–12,,Bellarmine,0.4039565422396109
301,South Carolina St.,MEAC,29,12–17,98.5,109.6,0.2271,45.9,52.6,20.9,21.6,37.9,30.3,36.0,48.1,44.9,53.7,32.1,33.9,31.3,38.7,69.7,-12.0,2024,9–5,,South Carolina St.,0.3497012484806704
302,Jacksonville,ASun,30,13–17,98.9,110.0,0.227,48.7,52.3,19.2,17.4,34.6,30.7,36.3,40.4,47.7,51.5,33.8,35.7,33.1,40.9,66.7,-12.1,2024,5–11,,Jacksonville,0.3467230553873486
303,Grambling St.,SWAC,28,14–14,96.7,107.7,0.2252,48.0,50.2,20.8,19.3,28.7,33.5,38.2,34.4,47.5,49.2,32.7,34.8,29.1,32.9,66.1,-8.2,2024,14–4,Grambling St.,R,0.3558347125896782
304,Wagner,NEC,28,13–15,95.1,106.1,0.2222,44.5,48.8,15.8,17.1,29.4,27.3,26.7,30.8,42.3,51.2,32.1,30.1,38.4,40.2,62.4,-11.8,2024,7–9,Wagner,R,0.2960460533091312
305,Elon,CAA,30,11–19,102.2,114.0,0.221,50.6,53.2,17.8,15.7,28.7,32.8,32.8,29.1,48.8,54.5,35.2,34.2,43.7,40.0,68.6,-14.1,2024,6–12,,Elon,0.3798173643729102
306,Campbell,CAA,29,11–18,99.6,111.3,0.2166,52.0,52.2,18.1,16.4,23.8,31.2,33.7,23.6,52.0,52.9,34.6,34.1,38.6,43.3,67.3,-13.8,2024,8–10,,Campbell,0.3524129054076016
307,Idaho,BSky,30,9–21,99.0,111.0,0.2121,50.2,53.5,17.5,16.6,22.7,28.6,26.7,37.2,50.2,53.4,33.5,35.8,41.0,38.5,65.8,-16.8,2024,5–13,,Idaho,0.3672647879958425
308,Robert Morris,Horz,30,8–22,100.6,112.9,0.21,50.3,53.3,20.0,15.8,33.2,29.5,28.0,36.8,50.0,54.3,33.8,34.3,42.6,34.8,68.0,-17.2,2024,6–14,,Robert Morris,0.3910795538261946
309,Delaware St.,MEAC,28,11–17,94.1,105.6,0.21,46.3,51.8,21.2,21.2,32.3,30.3,38.7,35.4,45.9,50.2,31.7,36.2,25.7,39.3,70.0,-13.3,2024,6–8,,Delaware St.,0.3132565634626445
310,Southeastern Louisiana,Slnd,29,12–17,97.9,109.8,0.2095,48.4,51.3,20.9,17.3,30.7,30.3,35.0,30.2,46.6,52.2,34.1,33.4,38.6,44.8,65.7,-11.9,2024,10–8,,Southeastern Louisiana,0.3418619213962339
311,Alabama St.,SWAC,28,10–18,93.0,104.4,0.2091,41.1,49.2,16.4,20.1,32.1,29.4,28.8,43.7,40.6,48.2,28.0,33.7,38.1,41.1,68.3,-12.9,2024,8–10,,Alabama St.,0.338872871731514
312,Le Moyne,NEC,29,12–17,98.9,111.2,0.2058,50.1,50.6,16.6,17.8,23.1,29.9,25.3,27.8,49.2,51.0,34.1,33.4,47.5,43.0,68.3,-13.8,2024,9–7,,Le Moyne,0.2618848685179453
313,Bethune Cookman,SWAC,29,14–15,97.2,109.3,0.2053,47.4,50.3,20.1,22.1,29.7,33.6,38.9,47.8,47.3,49.4,31.8,34.7,30.7,35.8,70.6,-11.6,2024,11–7,,Bethune Cookman,0.2927781768084244
314,Western Michigan,MAC,30,11–19,99.2,111.6,0.2046,49.0,51.1,19.5,15.9,33.9,29.4,31.4,31.9,48.7,50.9,32.9,34.2,38.6,38.5,69.3,-14.4,2024,9–9,,Western Michigan,0.396733793140775
315,Coastal Carolina,SB,29,7–22,99.0,111.7,0.2006,49.4,50.1,19.1,12.7,29.3,30.5,32.5,29.5,50.0,50.6,32.1,33.0,32.9,46.6,70.2,-17.8,2024,5–13,,Coastal Carolina,0.4044660131972187
316,Sacramento St.,BSky,31,8–23,97.4,110.0,0.1981,48.7,54.0,23.1,15.5,34.4,25.9,33.5,33.4,49.1,55.1,32.1,34.8,41.3,38.3,64.9,-18.3,2024,4–14,,Sacramento St.,0.3983931133944206
317,William & Mary,CAA,31,8–23,100.2,113.4,0.1945,48.3,52.2,16.3,14.4,27.4,29.1,31.9,34.9,48.6,52.5,32.1,34.5,47.7,36.5,66.8,-18.7,2024,4–14,,William & Mary,0.3700658735029267
318,South Dakota,Sum,29,9–20,102.6,116.2,0.1924,51.9,53.1,18.3,11.7,27.5,28.6,30.5,27.3,49.6,52.3,37.6,36.2,34.5,38.3,69.8,-16.5,2024,5–11,,South Dakota,0.3388459266418827
319,Northern Arizona,BSky,33,14–19,97.7,110.8,0.1908,49.3,52.9,18.1,16.7,24.1,31.1,31.1,37.4,50.7,55.4,31.2,32.0,35.2,34.0,69.2,-13.5,2024,7–11,,Northern Arizona,0.4090159390268045
320,Eastern Illinois,OVC,28,10–18,95.6,108.8,0.1837,44.8,52.0,15.7,19.7,27.5,28.0,27.2,37.5,43.6,51.1,31.8,35.8,29.6,37.1,67.5,-13.2,2024,8–10,,Eastern Illinois,0.3143147123321985
321,Charleston Southern,BSth,27,7–20,94.9,108.1,0.1833,45.2,50.9,18.1,13.4,27.0,29.0,31.2,33.5,44.1,52.3,31.4,31.9,35.9,31.5,67.7,-14.2,2024,6–10,,Charleston Southern,0.433524099191828
322,Lafayette,Pat,31,10–21,92.8,105.8,0.1823,46.9,48.5,17.5,17.4,24.2,29.1,23.9,31.5,47.0,46.6,31.2,34.3,40.0,38.5,66.2,-17.0,2024,10–8,,Lafayette,0.351553506215426
323,Eastern Michigan,MAC,29,11–18,97.1,111.1,0.1757,47.9,52.0,17.0,15.7,27.6,31.2,25.0,31.5,48.7,54.7,30.8,31.9,32.3,39.5,66.3,-14.1,2024,6–12,,Eastern Michigan,0.3480298434202652
324,Northwestern St.,Slnd,30,7–23,97.1,111.8,0.1655,47.7,51.9,19.3,18.5,29.8,34.1,36.7,41.4,48.0,53.8,31.3,32.6,34.4,37.2,68.5,-18.5,2024,7–11,,Northwestern St.,0.3377508985744044
325,Navy,Pat,30,12–18,95.5,110.6,0.1573,44.0,50.3,15.6,20.5,31.8,30.8,34.8,35.7,43.8,50.9,29.6,32.9,33.1,40.7,66.4,-15.4,2024,8–10,,Navy,0.2635655958988884
326,Southern Indiana,OVC,29,5–24,95.6,110.6,0.157,45.6,49.5,19.4,16.6,27.0,28.5,37.6,48.6,44.5,49.3,31.6,33.3,36.3,37.5,70.0,-19.2,2024,5–13,,Southern Indiana,0.3409098212295839
327,NJIT,AE,27,6–21,97.7,113.3,0.1536,44.6,52.4,16.4,16.6,28.3,32.9,31.2,39.7,44.7,52.3,29.6,35.0,39.2,35.8,67.4,-16.8,2024,3–13,,NJIT,0.3903468624496774
328,UT Rio Grande Valley,WAC,29,4–25,95.2,110.5,0.1528,45.1,53.1,19.0,18.9,24.3,33.4,41.2,34.4,45.8,54.2,29.0,33.9,29.2,33.4,72.2,-19.3,2024,2–18,,UT Rio Grande Valley,0.461761240973285
329,New Orleans,Slnd,29,6–23,98.2,114.4,0.1484,45.5,54.4,17.3,19.1,28.4,34.9,39.2,38.7,45.5,54.9,30.2,35.5,29.3,31.7,72.2,-18.2,2024,4–14,,New Orleans,0.3390130311801249
330,Arkansas Pine Bluff,SWAC,27,9–18,101.9,118.9,0.1443,51.5,52.6,18.0,15.4,22.9,34.0,40.2,32.5,48.4,56.0,36.5,31.4,49.4,38.3,72.9,-13.2,2024,8–10,,Arkansas Pine Bluff,0.2980100045015064
331,Hampton,CAA,30,6–24,95.9,112.1,0.1434,46.7,51.6,17.9,15.0,27.9,31.9,29.4,29.9,46.9,52.1,30.9,33.9,38.6,39.0,70.7,-20.1,2024,3–15,,Hampton,0.3621284050078051
332,Dartmouth,Ivy,25,4–21,92.6,108.6,0.1376,47.6,54.2,19.4,13.4,20.7,24.5,27.8,24.4,48.2,53.2,31.2,37.0,42.7,42.4,66.0,-16.0,2024,2–12,,Dartmouth,0.4590616055617482
333,Fairleigh Dickinson,NEC,30,13–17,96.5,113.4,0.1355,47.1,52.9,17.2,19.0,27.8,31.2,34.9,32.0,46.7,52.4,31.8,35.7,39.3,40.5,73.1,-13.8,2024,9–7,,Fairleigh Dickinson,0.266071060536003
334,Morgan St.,MEAC,27,8–19,96.8,114.2,0.1307,47.4,52.1,20.2,18.2,30.0,37.4,31.0,41.0,49.1,51.8,28.4,35.1,27.3,32.5,71.5,-14.6,2024,7–7,,Morgan St.,0.3309353358461606
335,Texas A&M Commerce,Slnd,30,10–20,94.3,111.4,0.1289,46.0,52.4,16.7,18.3,24.3,33.1,30.8,39.2,47.6,52.4,29.4,35.0,46.0,30.4,67.1,-14.2,2024,6–12,,Texas A&M Commerce,0.3636806656947861
336,Central Arkansas,ASun,30,7–23,96.9,114.5,0.1287,47.5,54.0,18.1,15.4,28.3,31.4,29.3,33.7,45.2,51.9,34.2,37.9,37.8,42.1,70.1,-19.0,2024,5–11,,Central Arkansas,0.3404841330872555
337,Manhattan,MAAC,28,6–22,94.6,111.7,0.1286,47.2,53.3,19.2,17.1,24.8,30.0,21.8,27.4,47.5,52.5,31.1,36.7,39.0,33.3,69.7,-17.5,2024,4–16,,Manhattan,0.3788207188808707
338,Alabama A&M,SWAC,31,10–21,93.0,110.0,0.126,45.7,49.5,22.7,20.0,31.8,33.3,47.8,46.7,46.7,46.8,28.5,36.0,26.5,37.1,71.3,-16.7,2024,9–9,,Alabama A&M,0.3444245175420919
339,Prairie View A&M,SWAC,29,8–21,93.7,111.3,0.1216,45.6,53.7,17.7,22.6,26.5,35.2,36.9,46.6,45.6,54.1,30.4,35.2,26.4,32.9,71.8,-16.0,2024,5–13,,Prairie View A&M,0.3525143896702968
340,Florida A&M,SWAC,27,5–22,92.9,110.4,0.1199,47.5,51.8,21.4,16.3,26.3,31.7,28.0,39.2,46.0,51.1,34.1,35.3,29.9,36.6,69.1,-15.9,2024,4–14,,Florida A&M,0.3897872068507045
341,North Carolina A&T,CAA,32,7–25,96.2,114.6,0.1172,43.9,54.5,13.8,15.9,24.3,34.0,34.0,29.5,44.4,55.5,28.7,35.2,35.7,37.2,68.9,-19.1,2024,5–13,,North Carolina A&T,0.440820699462291
342,Incarnate Word,Slnd,29,6–23,96.1,114.6,0.1168,48.2,51.8,21.7,15.1,30.0,30.0,37.1,40.7,48.3,50.2,32.0,36.7,39.7,34.4,70.8,-19.5,2024,3–15,,Incarnate Word,0.3091332680316936
343,Tennessee Tech,OVC,28,7–21,94.8,113.1,0.1158,49.0,52.5,17.8,15.4,18.9,28.1,31.0,24.6,49.2,52.7,32.3,34.8,34.1,37.7,66.6,-17.3,2024,5–13,,Tennessee Tech,0.3244808827498455
344,Loyola MD,Pat,31,6–25,93.7,112.0,0.1146,47.2,53.3,20.4,15.6,29.2,26.4,30.0,32.6,46.1,53.3,32.7,35.6,38.7,36.6,66.7,-20.9,2024,5–13,,Loyola MD,0.3273223387362209
345,Cal Poly,BW,31,3–28,93.3,111.5,0.114,46.0,51.5,18.6,17.3,24.3,33.6,31.3,41.9,44.1,50.8,33.0,35.6,34.0,30.3,66.6,-23.4,2024,0–20,,Cal Poly,0.4239647152036584
346,Army,Pat,30,8–22,90.8,108.6,0.1137,47.1,50.3,18.9,16.6,27.0,25.5,25.4,31.6,46.5,50.6,31.8,33.2,45.1,39.5,64.0,-19.5,2024,6–12,,Army,0.2600221584610344
347,LIU,NEC,29,7–22,92.7,111.2,0.1101,46.4,50.8,20.1,15.8,25.5,28.5,31.5,41.1,46.3,53.0,31.0,31.1,29.9,34.3,71.3,-18.3,2024,6–10,,LIU,0.3422921933898132
348,Buffalo,MAC,30,3–27,95.0,114.5,0.1053,47.3,53.9,20.0,15.1,28.3,30.6,26.0,28.7,51.6,53.5,27.5,36.5,41.4,35.1,70.0,-22.2,2024,2–16,,Buffalo,0.4196486236267686
349,Detroit Mercy,Horz,32,1–31,95.6,116.0,0.0977,47.3,55.9,19.4,17.3,25.9,35.2,30.3,31.9,50.4,56.1,28.1,37.1,36.9,37.2,68.0,-24.8,2024,1–19,,Detroit Mercy,0.4579864560194578
350,Holy Cross,Pat,32,9–23,99.2,120.9,0.093,50.1,53.6,16.5,12.8,23.2,28.1,25.9,30.6,48.7,50.7,35.0,38.7,37.7,39.7,66.7,-19.3,2024,6–12,,Holy Cross,0.2997723312593274
351,Pacific,WCC,30,4–26,94.9,115.8,0.0919,46.5,56.3,16.9,16.1,18.8,33.2,37.1,36.4,46.0,58.2,31.5,35.7,36.3,39.7,69.3,-19.2,2024,0–16,,Pacific,0.4665199936457483
352,Lindenwood,OVC,28,6–22,91.7,113.0,0.0831,43.3,53.9,17.9,17.7,23.6,28.7,38.3,40.2,43.2,52.5,29.0,37.6,30.7,37.4,68.4,-18.2,2024,3–15,,Lindenwood,0.3018619023043284
353,Houston Christian,Slnd,27,4–23,95.8,118.3,0.0817,46.9,54.0,21.0,13.6,29.7,33.7,36.8,28.6,47.9,55.5,29.5,34.0,28.0,34.1,72.5,-17.3,2024,4–14,,Houston Christian,0.3934680191778075
354,Maryland Eastern Shore,MEAC,24,5–19,88.2,108.9,0.0816,42.4,50.8,20.1,18.9,28.6,33.5,32.1,36.7,42.6,52.0,28.2,32.5,34.9,36.3,67.9,-15.5,2024,4–10,,Maryland Eastern Shore,0.3168520487995632
355,Southeast Missouri St.,OVC,27,5–22,90.4,112.0,0.0781,45.1,52.0,17.3,17.2,24.0,29.5,27.0,44.2,45.1,54.0,30.0,31.5,33.5,30.5,70.2,-18.3,2024,4–14,,Southeast Missouri St.,0.3159079183298957
356,Siena,MAAC,31,4–27,90.0,112.4,0.0718,44.6,51.6,23.5,14.6,33.3,31.4,31.2,28.0,45.8,50.8,28.1,35.4,34.4,33.8,67.0,-22.9,2024,3–17,,Siena,0.3866347618212762
357,VMI,SC,29,1–28,88.1,110.5,0.0689,46.0,54.4,21.2,15.1,23.8,30.6,27.6,30.9,46.7,54.5,29.7,36.2,33.3,38.4,75.7,-22.8,2024,1–17,,VMI,0.4247289500795151
358,Stonehill,NEC,30,3–27,90.5,113.7,0.0673,46.7,52.7,19.5,16.6,22.5,31.0,22.6,29.4,47.9,51.7,30.1,35.9,47.0,46.2,69.1,-22.0,2024,2–14,,Stonehill,0.3535911845326757
359,Saint Francis,NEC,28,6–22,93.3,117.3,0.0666,47.2,53.0,21.2,17.1,32.9,31.3,32.6,35.4,45.7,52.9,33.2,35.4,35.1,37.1,66.4,-18.6,2024,3–13,,Saint Francis,0.2944982828720512
360,IU Indy,Horz,29,3–26,92.7,116.9,0.065,46.5,58.2,21.3,18.5,30.0,35.5,33.2,33.4,49.5,59.0,24.7,38.0,24.3,37.5,68.3,-21.6,2024,2–18,,IU Indy,0.3655155616429402
361,Coppin St.,MEAC,28,2–26,84.8,109.9,0.0485,42.1,51.2,22.6,21.8,27.0,38.4,30.8,37.8,41.9,50.9,28.4,34.5,34.7,37.6,67.3,-22.1,2024,1–13,,Coppin St.,0.3560765405590712
362,Mississippi Valley St.,SWAC,31,1–30,85.4,116.4,0.0276,42.5,55.6,24.0,17.2,27.9,35.7,33.0,41.6,41.9,55.6,29.2,37.0,30.4,36.5,65.5,-22.7,2024,1–17,,Mississippi Valley St.,0.4253250510062713
