Rk,Team,Conf,G,Rec,AdjOE,AdjDE,Barthag,EFG%,EFGD%,TOR,TORD,ORB,DRB,FTR,FTRD,2P%,2P%D,3P%,3P%D,3PR,3PRD,Adj T.,WAB,Year,Conf Record,Tournament Result,Tournament Seed,Tournament Games Won,EFG Z,EFGD Z,TOR Z,TORD Z,ORB Z,DRB Z,FTR Z,FTRD Z,2P Z,2PD Z,3P Z,3PD Z,3PR Z,3PRD Z,Adj T Z,WAB Z,OE Z,DE Z,dcluster,kcluster_1,kcluster_2,kcluster_3,kcluster_4,kcluster_5,kcluster_7,kcluster_8,kcluster_9,kcluster_10,kcluster_11,kcluster_12,kcluster_13,kcluster_14,kcluster_15,kcluster_6,Predicted Tournament Wins
1,Houston,B12,26,22–4,125.1,88.2,0.9824,52.8,45.3,14.3,22.3,38.1,28.6,26.9,35.8,49.5,43.4,39.4,31.7,34.5,44.0,61.8,6.8,2025,14–1,,,0,0.6345432698329767,-1.964581562169137,-1.5435044364969626,2.0867298040639373,1.9313853651574584,-0.4787322341221631,-1.3079796788239133,0.4568569359538308,-0.4300091009008417,-2.233239232749611,2.18860811888274,-0.8934805812303458,-0.8446494752668553,1.1953492322575796,-2.518088326720816,2.2852782039335904,2.5436697766031027,-2.7188753925010207,-1,0,0,0,0,0,0,0,0,0,0,0,1,0,0,0,2.0190664842115806
2,Auburn  (H) 46 Arkansas,SEC,25,23–2,131.1,93.4,0.9803,56.2,45.0,13.1,17.2,35.4,29.7,32.2,37.4,56.3,45.2,37.3,29.8,41.0,34.3,69.2,10.7,2025,11–1,,,0,1.7269215571403769,-2.070033934656783,-2.13012476005206,-0.1026028557440728,1.2992114036318632,-0.0901565468273856,-0.202748021696719,0.750244828223664,1.420083940207732,-1.709070024332076,1.385953968293109,-1.71926057585671,0.3536001101039197,-1.178006820857792,0.4265685790945845,2.9493549529851486,3.35110183510363,-1.933434489137834,-1,0,0,0,0,0,0,0,0,0,0,0,1,0,0,0,2.012582718587639
3,Duke,ACC,26,23–3,125.6,90.6,0.9771,57.3,44.4,14.7,17.7,34.5,25.7,31.4,25.4,57.8,42.3,37.9,32.0,46.0,37.8,66.3,6.2,2025,15–1,,,0,2.0803380618574745,-2.2809386796320785,-1.347964328645264,0.1120376010998496,1.0884867497899988,-1.5031590460811246,-0.3695754416404472,-1.450164363800083,1.8281926992758,-2.553564860115882,1.6152837256044326,-0.7630942662893405,1.2753305603891312,-0.3216412346821428,-0.7274185866979386,2.1831125502333504,2.6109557814781468,-2.3563642063333976,-1,0,0,0,0,0,0,0,0,0,0,0,1,0,0,0,2.002702694779728
4,Florida,SEC,26,23–3,124.2,93.5,0.9631,54.7,44.2,15.3,18.0,37.7,28.6,31.6,30.7,56.1,45.2,35.2,28.4,43.5,37.1,70.1,6.8,2025,10–3,,,0,1.2449899597988776,-2.351240261290509,-1.054654166867715,0.2408218752062034,1.837729963449963,-0.4787322341221631,-0.3278685866545148,-0.4783169706562613,1.3656694389986572,-1.709070024332076,0.5832998177034808,-2.3277300455814007,0.8144653352465254,-0.4929143519172716,0.7847025270991566,2.2852782039335904,2.4225549678280247,-1.9183298563808504,-1,0,0,0,0,0,0,1,0,0,0,0,0,0,0,0,2.1559412166299974
5,Tennessee,SEC,26,21–5,116.0,88.1,0.9597,52.8,43.5,16.4,19.0,36.7,28.7,32.3,27.3,54.0,44.5,34.1,28.2,42.9,45.8,64.8,6.3,2025,8–5,,,0,0.6345432698329767,-2.59729579709502,-0.5169188702755436,0.6701027888940484,1.6035914591812244,-0.4434071716408204,-0.1818945942037543,-1.101766241729656,0.7943171763033618,-1.91291360538334,0.1628619292993882,-2.4146542555420702,0.7038576812122999,1.635765819433627,-1.3243085000388977,2.2001401591833902,1.3190644878773037,-2.733980025258006,-1,0,0,0,0,0,0,1,0,0,0,0,0,0,0,0,2.1454436913340924
6,Alabama  (A) 12 Missouri,SEC,25,21–4,126.6,96.5,0.9578,55.9,46.4,17.3,13.4,36.7,29.4,42.1,31.6,60.3,47.3,33.9,29.8,46.5,34.4,75.1,8.1,2025,10–2,,,0,1.6305352376720756,-1.5779228630477626,-0.0769536276092198,-1.7338703277578835,1.6035914591812244,-0.1961317342714163,1.8617413001069056,-0.3132862812544799,2.5083739643892464,-1.0975392811782885,0.0864186768622795,-1.71926057585671,1.3675036054176524,-1.1535392326813447,2.77433557156902,2.5066371202841093,2.7455277912282345,-1.46519087367132,-1,0,0,0,0,1,0,0,0,0,0,0,0,0,0,0,1.4884248537971803
7,Arizona,B12,26,18–8,119.3,93.1,0.9455,52.4,46.9,16.8,17.6,36.3,27.4,35.2,28.4,55.6,46.9,31.0,31.3,34.7,42.3,71.2,4.4,2025,12–3,,,0,0.5060281772085774,-1.4021689089016838,-0.3213787624238436,0.069109509731066,1.5099360574737275,-0.9026329838982858,0.4228548030922583,-0.9000620657941463,1.229633185975968,-1.2140213274932954,-1.0220084834757808,-1.0673290011516852,-0.8077802572554462,0.7794002332579778,1.22242179688253,1.8766155891326315,1.7631521200525933,-1.9787483874087888,-1,0,0,0,0,0,0,0,0,0,1,0,0,0,0,0,1.4906821198975424
8,Texas Tech,B12,26,20–6,124.0,96.9,0.9447,56.4,47.8,15.8,18.6,35.0,28.8,29.5,33.4,55.6,47.2,38.3,32.6,42.6,35.2,66.5,3.7,2025,11–4,,,0,1.7911791034525757,-1.0858117914387422,-0.8102290320530912,0.498390423418911,1.205556001924368,-0.4080821091594764,-0.7657905640067992,0.0167750975490816,1.229633185975968,-1.1266597927570383,1.7681702304786473,-0.5023216364073301,0.6485538541951876,-0.9577985272697668,-0.647833264919143,1.7574223264823516,2.395640565878007,-1.4047723426433816,-1,0,0,0,0,0,0,0,0,0,0,0,0,1,0,0,1.5834220233291934
9,Iowa St.,B12,26,21–5,119.2,93.2,0.9446,54.4,48.1,16.3,21.7,33.8,27.6,39.9,26.8,55.6,47.0,34.8,33.2,35.4,39.2,69.5,5.1,2025,11–4,,,0,1.1486036403305764,-0.9803594189510932,-0.5658038972384674,1.8291612558512296,0.924589796801881,-0.8319828589355979,1.4029658952616553,-1.1934499580639788,1.229633185975968,-1.184900815914543,0.4304133128292634,-0.2415490065253195,-0.6787379942155174,0.0209049997881183,0.5459465617627751,1.995808851782911,1.7496949190775852,-1.963643754651803,-1,0,0,0,0,0,0,0,0,0,0,0,0,0,0,0,1.2644836727617128
10,Illinois,B10,27,17–10,120.8,95.2,0.9397,52.2,45.5,16.3,12.9,36.4,25.7,34.8,27.1,57.0,44.6,31.2,31.8,47.2,30.1,72.6,2.0,2025,9–8,,,0,0.4417706308963788,-1.8942799805107045,-0.5658038972384674,-1.948510784601806,1.533349907900602,-1.5031590460811246,0.3394410931203935,-1.138439728263385,1.6105346944394976,-1.8837930938045877,-0.9455652310386734,-0.8500184762500103,1.4965458684575823,-2.2056455242685704,1.7795190493340882,1.4679529743316726,1.9650101346777251,-1.661551099512116,30,0,0,0,0,0,0,0,0,0,1,0,0,0,0,0,1.4727745767457046
11,Wisconsin,B10,26,21–5,124.7,98.4,0.9384,55.6,48.2,14.2,15.1,28.3,26.6,35.4,28.4,56.1,47.7,36.8,32.7,48.0,39.4,68.2,6.0,2025,11–4,,,0,1.5341489182037766,-0.9452086281218768,-1.592389463459888,-1.0040927744885473,-0.3631719766761806,-1.1852334837490326,0.4645616580781892,-0.9000620657941463,1.3656694389986572,-0.9810572348632792,1.19484583720034,-0.4588595314269944,1.6440227405032155,0.0698401761410115,0.0286419702006117,2.1490573323332707,2.489840972703069,-1.1782028512886162,-1,0,0,0,0,0,0,0,0,0,0,0,0,0,0,0,1.2453411266338865
12,Maryland,B10,26,20–6,119.6,94.5,0.9378,55.5,47.5,15.0,20.1,32.6,26.9,32.0,27.1,55.1,48.0,37.4,31.1,35.8,36.8,70.7,3.2,2025,10–5,,,0,1.5020201450476762,-1.1912641639263886,-1.2013092477564895,1.1423117939506786,0.6436235916793956,-1.0792582963050033,-0.2444548766826514,-1.138439728263385,1.0935969329532786,-0.8936957001270245,1.4241755945116634,-1.154253211112355,-0.6049995581927008,-0.5663171164466141,1.0234584924355434,1.672284281732152,1.8035237229776193,-1.767283528811007,-1,0,0,0,0,1,0,0,0,0,0,0,0,0,0,0,1.42667470499774
13,Purdue,B10,27,19–8,123.9,98.0,0.9371,56.6,51.5,15.8,18.6,30.6,29.5,36.1,30.1,56.6,55.5,37.7,30.8,37.8,42.8,66.1,4.6,2025,11–5,,,0,1.8554366497647763,0.2147674692422433,-0.8102290320530912,0.498390423418911,0.1753465831419184,-0.1608066717900723,0.6105356505289512,-0.5883374302574482,1.5017056920213467,1.2903426682793653,1.5388404731673264,-1.28463952605336,-0.2363073780786161,0.9017381741402134,-0.8070039084767343,1.910670807032711,2.382183364902999,-1.2386213823165546,13,0,0,0,0,0,1,0,0,0,0,0,0,0,0,0,1.410118879847977
14,Gonzaga  (A) 96 Washington St.,WCC,27,20–7,123.3,97.6,0.9365,55.9,47.3,13.4,17.9,34.0,25.5,30.9,29.1,57.7,49.2,35.1,29.7,34.3,41.5,71.1,0.8,2025,11–3,,,0,1.6305352376720756,-1.261565745584821,-1.983469679163285,0.1978937838374183,0.9714174976556296,-1.5738091710438114,-0.4738425791052768,-0.7717048629260939,1.8009854486712635,-0.5442495611820013,0.5450781914849265,-1.7627226808370455,-0.8815186932782643,0.5836595278464015,1.1826291359931291,1.263621666931193,2.301440159052945,-1.2990399133444928,-1,0,0,0,0,1,0,0,0,0,0,0,0,0,0,0,1.4226609453257764
15,Missouri  (H) 5 Alabama,SEC,25,19–6,123.6,98.5,0.9315,55.8,48.6,15.3,20.9,32.9,31.3,48.3,31.9,56.0,47.5,37.1,33.6,41.9,37.6,68.6,3.4,2025,8–4,,,0,1.5984064645159752,-0.8046054648050143,-1.054654166867715,1.485736524900953,0.7138651429600166,0.4750444528741104,3.1546538046707915,-0.2582760514538867,1.338462188394119,-1.039298258020784,1.3095107158560029,-0.0677005866039802,0.5195115911552576,-0.370576411035036,0.1878126137581974,1.7063394996322316,2.341811761977971,-1.1630982185316328,13,0,0,0,0,0,0,0,0,0,0,0,0,1,0,0,1.5426669251215626
16,Michigan,B10,25,20–5,118.7,95.0,0.9282,56.9,46.8,20.2,17.2,34.4,29.6,36.1,28.3,59.1,46.8,36.0,31.2,43.5,37.6,70.8,5.0,2025,12–2,,,0,1.951822969233075,-1.4373196997309,1.340712154315597,-0.1026028557440728,1.0650728993631249,-0.1254816093087283,0.6105356505289512,-0.9183988090610103,2.181886957134793,-1.2431418390720477,0.8890728274519104,-1.1107911061320208,0.8144653352465254,-0.370576411035036,1.0632511533249385,1.9787812428328715,1.6824089142025414,-1.691760365026085,1,0,0,0,0,0,0,0,0,0,0,0,1,0,0,0,1.851723580965097
17,Kentucky  (H) 37 Vanderbilt,SEC,25,17–8,125.5,100.6,0.9269,56.3,48.8,14.5,13.6,29.9,26.9,34.0,31.0,55.9,52.5,37.9,29.4,42.2,43.8,71.6,3.7,2025,6–6,,,0,1.759050330296475,-0.7343038831465841,-1.4457343825711133,-1.6480141450203147,0.0114496301538007,-1.0792582963050033,0.1726136731766668,-0.4233067408556675,1.3112549377895808,0.4167273209168094,1.6152837256044326,-1.8931089957780507,0.574815418172371,1.1464140559046847,1.3815924404401156,1.7574223264823516,2.5974985805031388,-0.8459009306349623,-1,0,0,0,0,1,0,0,0,0,0,0,0,0,0,0,1.3930208739020449
18,Saint Mary's  (H) 278 Portland,WCC,26,22–4,116.5,93.8,0.9234,51.6,45.9,14.8,18.0,39.6,26.2,31.9,25.1,52.3,44.7,33.4,32.4,33.9,32.4,63.0,3.4,2025,13–1,,,0,0.2489979919597787,-1.7536768171938415,-1.2990793016823388,0.2408218752062034,2.282593121560566,-1.3265337336744072,-0.2653083041756176,-1.5051745936006762,0.3317939160262175,-1.8546725822258352,-0.1046894542304895,-0.5892458463680013,-0.9552571293010808,-1.6428909962102871,-2.0405763960480474,1.7063394996322316,1.3863504927523476,-1.8730159581098977,2,0,0,0,0,0,0,1,0,0,0,0,0,0,0,0,2.0333671712631083
19,Michigan St.,B10,26,21–5,117.3,94.5,0.9232,51.7,46.2,17.0,16.4,36.6,25.8,38.8,31.6,55.5,47.8,29.1,29.2,32.1,40.8,68.7,4.7,2025,12–3,,,0,0.2811267651158791,-1.648224444706193,-0.2236087084979944,-0.4460275866943491,1.5801776087543502,-1.467833983599781,1.17357819283903,-0.3132862812544799,1.2024259353714295,-0.951936723284529,-1.748219381628303,-1.9800332057387204,-1.2870800914037566,0.4123864106112709,0.2276052746475981,1.9276984159827515,1.4940081005524175,-1.767283528811007,-1,0,0,0,0,0,0,0,0,0,1,0,0,0,0,0,1.4218307039861664
20,Texas A&M,SEC,26,20–6,114.4,92.2,0.923,48.1,47.3,18.2,21.0,41.9,27.8,40.2,34.3,48.8,46.9,31.3,31.8,37.5,47.7,67.0,5.7,2025,9–4,,,0,-0.8755090685037196,-1.261565745584821,0.3630116150571023,1.5286646162697384,2.8211116813786643,-0.7613327339729111,1.465526177740554,0.1818057869508624,-0.6204598551326076,-1.2140213274932954,-0.9073436048201192,-0.8500184762500103,-0.2916112050957283,2.100649994786124,-0.4488699604721566,2.0979745054831507,1.1037492722771638,-2.114690082221647,-1,1,0,0,0,0,0,0,0,0,0,0,0,0,0,0,1.2471488360526133
21,BYU,B12,26,18–8,122.1,98.4,0.9228,57.0,50.3,17.5,17.9,33.7,24.9,29.4,28.6,59.0,49.2,36.6,34.5,48.3,44.4,67.8,1.5,2025,9–6,,,0,1.9839517423891757,-0.2070420207083472,0.0208164263166293,0.1978937838374183,0.9011759463750084,-1.7857595459318727,-0.7866439914997654,-0.8633885792604166,2.154679706530255,-0.5442495611820013,1.118402584763234,0.323458358219034,1.699326567520328,1.2932195849633676,-0.1305286733569795,1.382814929581473,2.139953747352839,-1.1782028512886162,-1,0,0,0,0,0,0,0,0,0,0,0,0,1,0,0,1.515805610393806
22,Kansas,B12,26,17–9,113.8,91.9,0.9214,52.8,45.2,16.4,15.7,29.7,27.0,23.4,28.4,53.8,45.5,33.9,29.8,34.1,40.6,69.3,3.2,2025,8–7,,,0,0.6345432698329767,-1.9997323529983508,-0.5169188702755436,-0.7465242262758404,-0.0353780706999468,-1.043933233823659,-2.0378496410777203,-0.9000620657941463,0.7399026750942854,-1.6217084895958211,0.0864186768622795,-1.71926057585671,-0.918387911289672,0.3634512342583777,0.4663612399839795,1.672284281732152,1.02300606642711,-2.1600039804925992,-1,0,0,1,0,0,0,0,0,0,0,0,0,0,0,0,1.0048632750537418
23,St. John's  (A) 129 DePaul,BE,26,22–4,111.5,90.1,0.921,49.2,46.6,15.6,22.1,37.5,28.7,30.6,29.7,51.6,44.3,29.3,33.5,31.2,39.8,70.7,4.5,2025,13–2,,,0,-0.5220925637866196,-1.5076212813893302,-0.9079990859789412,2.0008736213263685,1.7909022625962143,-0.4434071716408204,-0.5364028615841739,-0.6616844033249069,0.1413431617944536,-1.9711546285408443,-1.6717761291911954,-0.1111626915843158,-1.452991572455095,0.1677105288467996,1.0234584924355434,1.8936431980826716,0.7134904440019081,-2.4318873701183192,-1,1,0,0,0,0,0,0,0,0,0,0,0,0,0,0,1.2409738211726693
24,UCLA,B10,27,19–8,115.9,94.0,0.9173,53.1,49.9,15.7,23.7,31.7,29.6,33.5,35.9,53.2,52.0,35.3,31.6,35.6,45.1,65.7,2.7,2025,10–6,,,0,0.7309295893012779,-0.3476451840252099,-0.8591140590160166,2.68772308322692,0.4328989378375304,-0.1254816093087283,0.0683465357118372,0.4751936792206956,0.5766591714670598,0.2711247630230501,0.6215214439220325,-0.93694268621068,-0.6418687762041084,1.4644927021984984,-0.96617455203432,1.5871462369819522,1.3056072869022957,-1.8428066925959288,2,0,0,0,0,0,0,0,1,0,0,0,0,0,0,0,1.2087404514032043
25,Louisville,ACC,26,20–6,118.2,95.9,0.9168,53.3,49.9,16.1,18.8,33.3,26.2,33.6,26.9,57.4,49.0,32.8,34.2,50.2,38.7,69.6,3.6,2025,13–2,,,0,0.7951871356134765,-0.3476451840252099,-0.6635739511643165,0.5842466061564797,0.8075205446675118,-1.3265337336744072,0.0891999632048034,-1.1751132147971146,1.719363696857649,-0.6024905843395059,-0.3340192115418131,0.1930720432780303,2.0495841386287093,-0.1014329410941173,0.5857392226521702,1.7403947175323118,1.6151229093274975,-1.555818670213225,-1,0,0,0,0,0,0,0,0,0,0,0,0,0,0,0,1.1786509659304907
26,Mississippi,SEC,26,19–7,115.9,94.8,0.9096,51.7,48.4,12.6,21.1,25.0,30.3,35.3,38.3,51.1,49.6,35.1,31.2,41.1,43.3,68.9,4.1,2025,8–5,,,0,0.2811267651158791,-0.8749070464634469,-2.374549894866684,1.5715927076385237,-1.1358290407630185,0.1217938280606757,0.443708230585223,0.9152755176254448,0.0053069087717643,-0.4277675148669942,0.5450781914849265,-1.1107911061320208,0.3720347191096242,1.024076115022449,0.3071905964263938,1.8255327622825115,1.3056072869022957,-1.7219696305400543,-1,0,0,0,0,0,0,0,0,1,0,0,0,0,0,0,1.1129667336313225
27,Clemson,ACC,26,21–5,117.9,96.7,0.9065,54.5,49.1,15.9,19.9,33.8,30.3,27.8,27.3,52.4,49.2,38.4,32.6,39.6,38.5,64.7,3.1,2025,13–2,,,0,1.1807324134866768,-0.6288515106589353,-0.7613440050901665,1.0564556112131085,0.924589796801881,0.1217938280606757,-1.1202988313872195,-1.101766241729656,0.3590011666307557,-0.5442495611820013,1.8063918566972013,-0.5023216364073301,0.0955155840240607,-0.1503681174470122,-1.3641011609282927,1.655256672782112,1.5747513064024714,-1.4349816081573508,3,0,0,0,0,0,0,0,0,0,0,0,0,1,0,0,1.4654792391222622
28,Marquette,BE,26,20–6,116.3,95.4,0.9065,51.7,50.3,13.2,22.9,31.2,30.6,26.8,29.8,54.4,53.0,32.4,30.9,45.7,40.5,68.7,4.0,2025,11–4,,,0,0.2811267651158791,-0.2070420207083472,-2.0812397330891352,2.344298352276643,0.3158296857031611,0.2277690155047063,-1.3288331063168788,-0.643347660058042,0.9031461787215128,0.5623298788105687,-0.4869057164160278,-1.241177421073026,1.2200267333720192,0.3389836460819302,0.2276052746475981,1.808505153332472,1.3594360908023295,-1.631341833998147,26,0,0,0,0,0,0,0,0,1,0,0,0,0,0,0,1.1033954605674094
29,Mississippi St.,SEC,26,19–7,118.1,97.0,0.9055,52.3,50.5,15.3,19.7,34.3,29.2,31.9,34.0,55.8,48.1,31.6,35.7,42.1,43.2,68.3,4.4,2025,7–6,,,0,0.473899404052477,-0.1367404390499146,-1.054654166867715,0.9705994284755396,1.0416590489362505,-0.266781859234103,-0.2653083041756176,0.1267955571502692,1.2840476871850426,-0.8645751885482722,-0.7926787261644573,0.845003617983055,0.5563808091666665,0.9996085268460032,0.0684346310900067,1.8766155891326315,1.6016657083524874,-1.389667709886398,3,0,0,0,0,0,0,0,0,0,0,0,0,0,1,0,1.2518535363191048
30,Baylor,B12,25,15–10,121.2,100.2,0.8989,52.6,52.0,16.4,19.4,35.3,31.0,31.9,33.1,52.3,50.8,35.4,35.9,40.1,40.5,65.9,2.2,2025,8–7,,,0,0.5702857235207782,0.3905214233883222,-0.5169188702755436,0.8418151543691859,1.275797553204989,0.3690692654300798,-0.2653083041756176,-0.0382351322515114,0.3317939160262175,-0.0783213759219731,0.6597430701405869,0.9319278279437232,0.1876886290525819,0.3389836460819302,-0.8865892302555243,1.5020081922317523,2.018838938577761,-0.9063194616628985,-1,0,0,0,0,0,0,0,0,0,0,0,0,0,1,0,1.2314759872152896
31,West Virginia  (H) 48 Cincinnati,B12,25,15–10,111.2,92.9,0.8872,50.6,45.6,15.9,19.9,25.6,31.3,26.5,31.7,52.0,46.9,32.7,28.9,46.7,36.4,65.1,1.2,2025,6–8,,,0,-0.0722897396012207,-1.859129189681488,-0.7613440050901665,1.0564556112131085,-0.9953459382017747,0.4750444528741104,-1.3913933887957766,-0.2949495379876157,0.2501721642126047,-1.2140213274932954,-0.3722408377603647,-2.110419520679726,1.4043728234290611,-0.6641874691524022,-1.204930517370707,1.331732102731353,0.673118841076882,-2.0089576529227555,-1,0,0,1,0,0,0,0,0,0,0,0,0,0,0,0,0.8992705206066988
32,Ohio St.,B10,26,15–11,116.5,97.5,0.8858,54.6,47.2,15.5,16.7,28.7,29.4,35.2,40.0,53.0,49.1,38.3,29.4,36.6,37.9,68.2,0.44,2025,7–8,,,0,1.2128611866427772,-1.296716536414035,-0.9568841129418656,-0.3172433125879954,-0.2695165749686855,-0.1961317342714163,0.4228548030922583,1.2270001531621428,0.5222446702579833,-0.5733700727607536,1.7681702304786473,-1.8931089957780507,-0.4575226861470661,-0.2971736465056953,0.0286419702006117,1.2023222747110491,1.3863504927523476,-1.3141445461014762,20,0,0,1,0,0,0,0,0,0,0,0,0,0,0,0,0.8949480101907382
33,Creighton,BE,26,18–8,115.5,96.6,0.8857,55.7,45.5,18.4,12.0,25.5,27.9,29.7,17.7,60.1,45.3,34.1,30.6,49.6,35.0,69.0,2.4,2025,11–4,,,0,1.566277691359877,-1.8942799805107045,0.4607816689829514,-2.3348636069208664,-1.018759788628649,-0.7260076714915684,-0.7240837090208676,-2.8620935953486537,2.453959463180172,-1.6799495127533255,0.1628619292993882,-1.3715637360140298,1.938976484594484,-1.0067337036226616,0.3469832573157888,1.5360634101318322,1.2517784830022596,-1.4500862409143365,19,0,0,0,0,0,0,0,0,0,0,0,0,0,0,0,1.0826294845473614
34,Connecticut,BE,26,18–8,120.6,101.9,0.8747,55.7,47.9,16.8,16.2,34.0,27.8,31.0,40.7,57.7,45.1,35.3,35.7,43.6,33.2,64.8,1.3,2025,10–5,,,0,1.566277691359877,-1.0506610006095258,-0.3213787624238436,-0.5318837694319178,0.9714174976556296,-0.7613327339729111,-0.4529891516123105,1.3553573560301952,1.8009854486712635,-1.7381905359108285,0.6215214439220325,0.845003617983055,0.83289994425223,-1.447150290798709,-1.3243085000388977,1.3487597116813927,1.9380957327277073,-0.649540704794164,-1,0,0,0,0,0,0,0,0,0,0,0,1,0,0,0,1.6865419329265943
35,Texas,SEC,26,16–10,117.2,99.1,0.8731,53.4,48.2,14.1,17.7,30.4,29.8,35.6,34.3,53.1,47.0,36.1,33.6,35.9,35.9,67.7,0.6,2025,5–8,,,0,0.827315908769577,-0.9452086281218768,-1.6412744904228125,0.1120376010998496,0.12851888228817,-0.0548314843460416,0.5062685130641217,0.1818057869508624,0.5494519208625216,-1.184900815914543,0.9272944536704648,-0.0677005866039802,-0.5865649491869963,-0.7865254100346378,-0.1703213342463745,1.2295664490311131,1.4805508995774095,-1.0724704219897276,6,0,0,0,0,0,0,0,0,1,0,0,0,0,0,0,1.000272712072344
36,New Mexico  (A) 39 Boise St.,MWC,25,21–4,112.8,95.5,0.8715,51.2,48.8,15.7,20.3,32.1,25.9,38.8,34.5,50.9,47.2,34.6,34.2,32.3,37.7,74.0,3.3,2025,14–1,,,0,0.1204828993353793,-0.7343038831465841,-0.8591140590160166,1.2281679766882472,0.5265543395450264,-1.432508921118438,1.17357819283903,0.218479273484592,-0.0491075924373121,-1.1266597927570383,0.3539700603921574,0.1930720432780303,-1.250210873392349,-0.3461088228585885,2.3366163017856523,1.6893118906821918,0.8884340566770219,-1.6162372012411634,21,0,0,0,0,0,0,0,0,0,0,0,0,0,1,0,1.1468782833600564
37,Oregon  (A) 70 Iowa,B10,26,18–8,115.7,98.2,0.8676,52.4,49.6,16.2,18.0,30.4,29.3,35.1,28.3,52.9,50.8,34.4,31.8,39.0,38.3,69.0,3.2,2025,7–8,,,0,0.5060281772085774,-0.4530975565128562,-0.6146889242013929,0.2408218752062034,0.12851888228817,-0.231456796752759,0.4020013755992921,-0.9183988090610103,0.495037419653445,-0.0783213759219731,0.2775268079550486,-0.8500184762500103,-0.0150920700101648,-0.1993032937999072,0.3469832573157888,1.672284281732152,1.2786928849522776,-1.2084121168025854,6,0,0,0,0,0,0,0,1,0,0,0,0,0,0,0,1.055291331636595
38,Vanderbilt  (A) 21 Kentucky,SEC,25,17–8,118.2,100.5,0.8655,52.5,52.8,14.2,20.9,32.1,29.4,31.7,36.2,54.5,50.9,33.0,37.3,40.1,36.9,70.6,1.6,2025,5–7,,,0,0.5381569503646778,0.6717277500220477,-1.592389463459888,1.485736524900953,0.5265543395450264,-0.1961317342714163,-0.3070151591615493,0.5302039090212901,0.9303534293260513,-0.0492008643432208,-0.2575759591047043,1.5403972976684124,0.1876886290525819,-0.5418495282701665,0.9836658315461428,1.3998425385315127,1.6151229093274975,-0.8610055633919458,25,0,0,0,0,0,1,0,0,0,0,0,0,0,0,0,1.1890533471459808
39,VCU  (H) 179 Massachusetts,A10,24,19–5,112.9,96.1,0.8642,52.6,45.3,17.0,21.8,36.6,29.2,31.5,37.8,54.3,44.4,33.7,31.4,47.3,35.6,67.8,0.23,2025,10–2,,,0,0.5702857235207782,-1.964581562169137,-0.2236087084979944,1.8720893472200149,1.5801776087543502,-0.266781859234103,-0.348722014147481,0.823591801291122,0.8759389281169747,-1.942034116962092,0.0099754244251735,-1.023866896171351,1.5149804774632858,-0.8599281745639785,-0.1305286733569795,1.1665642959159654,0.9018912576520319,-1.525609404699258,21,0,0,0,0,0,0,0,0,0,1,0,0,0,0,0,1.2396677650278174
40,Georgia,SEC,26,16–10,113.3,96.7,0.8608,52.2,46.6,19.1,18.6,36.8,32.3,38.7,27.9,54.2,48.0,32.4,29.6,36.5,39.8,67.1,0.5,2025,4–9,,,0,0.4417706308963788,-1.5076212813893302,0.8029768577234261,0.498390423418911,1.627005309608097,0.828295077687544,1.1527247653460653,-0.9917457821284692,0.8487316775124384,-0.8936957001270245,-0.4869057164160278,-1.80618478581738,-0.4759572951527706,0.1677105288467996,-0.4090772995827615,1.212538840081073,0.9557200615520659,-1.4349816081573508,6,0,0,0,0,0,0,0,0,0,1,0,0,0,0,0,1.2291702397319126
41,Boise St.  (H) 34 New Mexico,MWC,24,16–8,115.4,98.7,0.8579,52.9,48.9,17.1,16.3,33.1,22.7,38.5,30.5,56.5,48.8,31.8,32.7,40.6,35.7,67.0,-0.8,2025,9–5,,,0,0.6666720429890771,-0.6991530923173679,-0.174723681535069,-0.4889556780631328,0.760692843813765,-2.562910920521429,1.1110179103601328,-0.5149904571899903,1.4744984414168083,-0.6607316074970104,-0.71623547372735,-0.4588595314269944,0.2798616740811031,-0.8354605863875311,-0.4488699604721566,0.9911799237305536,1.2383212820272516,-1.1328889530176638,6,0,0,0,0,0,0,0,1,0,0,0,0,0,0,0,1.0253425094688664
42,Utah St.  (H) 137 San Jose St.,MWC,25,21–4,120.3,103.0,0.8568,56.3,51.5,16.4,20.7,33.9,30.3,37.7,34.1,58.8,53.0,35.2,33.1,41.4,43.7,69.2,3.0,2025,12–3,,,0,1.759050330296475,0.2147674692422433,-0.5169188702755436,1.3998803421633847,0.9480036472287552,0.1217938280606757,0.944190490416406,0.1451323004171341,2.1002652053211786,0.5623298788105687,0.5832998177034808,-0.2850111115056551,0.4273385461267364,1.121946467728239,0.4265685790945845,1.6382290638320722,1.8977241298026812,-0.48338974446733696,-1,0,0,0,0,0,1,0,0,0,0,0,0,0,0,0,1.1621920324182242
43,Nebraska  (A) 81 Penn St.,B10,26,17–9,112.9,97.0,0.8524,52.4,49.8,16.6,18.2,26.7,29.1,37.3,26.2,53.9,48.9,33.2,33.9,38.5,46.8,68.4,1.8,2025,7–8,,,0,0.5060281772085774,-0.3827959748544262,-0.4191488163496927,0.3266780579437721,-0.7377935835061628,-0.3021069217154457,0.8607767804445413,-1.3034704176651664,0.7671099256988236,-0.6316110959182581,-0.1811327066675956,0.0626857283370235,-0.107265115038686,1.8804417011980985,0.1082272919794074,1.4338977564315925,0.9018912576520319,-1.389667709886398,6,0,0,0,0,0,0,0,0,0,0,0,0,0,0,0,0.9798154867962933
44,Cincinnati  (A) 33 West Virginia,B12,25,15–10,110.4,94.9,0.8503,52.1,47.6,15.5,19.6,32.9,29.6,24.7,25.7,53.2,47.3,33.5,32.1,38.2,34.9,66.0,-0.23,2025,5–9,,,0,0.4096418577402784,-1.1561133730971722,-0.9568841129418656,0.927671337106756,0.7138651429600166,-0.1254816093087283,-1.766755083669163,-1.3951541339994893,0.5766591714670598,-1.0975392811782885,-0.0664678280119352,-0.719632161309005,-0.1625689420557982,-1.0312012917991091,-0.8467965693661292,1.0882372947457817,0.5654612332768121,-1.7068649977830685,-1,0,0,1,0,0,0,0,0,0,0,0,0,0,0,0,0.7853414960717313
45,SMU  (A) 88 Notre Dame,ACC,25,19–6,117.0,100.8,0.8477,54.7,46.7,16.6,17.5,37.2,31.0,36.2,32.0,53.2,45.4,38.2,32.5,36.0,40.4,70.3,0.7,2025,10–4,,,0,1.2449899597988776,-1.4724704905601138,-0.4191488163496927,0.0261814183622809,1.7206607113155936,0.3690692654300798,0.6313890780219175,-0.2399393081870219,0.5766591714670598,-1.6508290011745734,1.7299486042600956,-0.5457837413876656,-0.5681303401812918,0.3145160579054827,0.8642878488779522,1.246594057981153,1.4536364976273914,-0.8156916651209931,7,0,0,0,0,0,0,0,0,0,0,0,1,0,0,0,1.6031792320473497
46,Arkansas  (A) 2 Auburn,SEC,25,15–10,110.7,95.6,0.8426,52.8,47.9,16.1,18.2,27.8,28.1,32.4,29.1,54.0,48.4,33.8,31.4,36.8,39.3,69.6,0.16,2025,4–8,,,0,0.6345432698329767,-1.0506610006095258,-0.6635739511643165,0.3266780579437721,-0.4802412288105499,-0.6553575465288805,-0.1610411667107881,-0.7717048629260939,0.7943171763033618,-0.7772136538120175,0.0481970506437251,-1.023866896171351,-0.4206534681356584,0.045372587964564,0.5857392226521702,1.154644969650937,0.6058328362018381,-1.60113256848418,-1,0,0,1,0,0,0,0,0,0,0,0,0,0,0,0,0.7615676887839471
47,San Diego St.,MWC,23,17–6,107.1,92.7,0.8397,49.9,44.3,17.2,20.0,31.9,30.9,30.1,36.7,50.7,44.2,32.3,29.6,37.7,46.0,66.6,1.6,2025,11–4,,,0,-0.2971911516939213,-2.3160894704612947,-0.1258386545721453,1.0993837025818936,0.4797266386912779,0.3337442029487358,-0.6406699990490035,0.6218876253556129,-0.1035220936463866,-2.0002751401195944,-0.5251273426345822,-1.80618478581738,-0.2547419870843193,1.684700995786522,-0.6080406040297479,1.3998425385315127,0.1213736011015205,-2.0391669184367247,-1,0,0,0,0,0,0,0,0,0,1,0,0,0,0,0,1.1640238327485033
48,Xavier,BE,27,17–10,113.9,98.8,0.8376,53.0,49.9,16.3,17.7,25.8,26.5,37.5,28.7,50.4,50.3,38.3,32.8,37.3,36.0,69.7,-0.31,2025,9–7,,,0,0.6988008161451775,-0.3476451840252099,-0.5658038972384674,0.1120376010998496,-0.9485182373480272,-1.2205585462303763,0.9024836354304736,-0.8450518359935525,-0.1851438454600014,-0.2239239338157324,1.7681702304786473,-0.4153974264466619,-0.3284804231071373,-0.7620578218581904,0.6255318835415709,1.0746152075857496,1.0364632674021197,-1.11778432026068,6,0,0,0,0,0,0,0,0,1,0,0,0,0,0,0,0.8906661979533377
49,Memphis,Amer,26,21–5,112.9,98.4,0.8298,54.4,48.6,19.5,19.7,32.6,33.8,40.1,32.6,51.3,48.7,40.0,32.4,35.3,40.8,71.2,3.7,2025,11–2,,,0,1.1486036403305764,-0.8046054648050143,0.9985169655751244,0.9705994284755396,0.6436235916793956,1.358171014907696,1.4446727502475876,-0.1299188485858342,0.0597214099808389,-0.6898521190757606,2.4179378761940638,-0.5892458463680013,-0.697172603221222,0.4123864106112709,1.22242179688253,1.7574223264823516,0.9018912576520319,-1.1782028512886162,6,0,0,0,0,0,0,0,0,0,0,0,0,1,0,0,1.2286674184764088
50,USC,B10,25,14–11,115.1,100.4,0.8282,54.5,50.7,16.8,18.0,26.8,30.2,38.1,35.8,54.4,53.4,36.3,30.9,34.0,38.4,69.1,-1.8,2025,6–8,,,0,1.1807324134866768,-0.066438857391482,-0.3213787624238436,0.2408218752062034,-0.7143797330792886,0.0864687655793317,1.0276042003882695,0.4568569359538308,0.9031461787215128,0.6788119251255758,1.0037377061075707,-1.241177421073026,-0.9368225202953764,-0.1748357056234597,0.3867759182051838,0.8209038342301542,1.1979496791022237,-0.8761101961489293,6,0,0,0,0,0,0,0,0,0,0,0,0,0,0,0,0.9050978067489706
51,North Carolina  (H) 103 N.C. State,ACC,26,15–11,115.1,100.7,0.823,53.0,49.5,15.1,15.2,28.1,28.3,34.5,30.3,55.0,48.4,33.0,34.2,36.4,37.8,72.1,0.19,2025,8–6,,,0,0.6988008161451775,-0.4882483473420725,-1.1524242207935649,-0.9611646831197628,-0.4099996775299281,-0.5847074215661938,0.2768808106414963,-0.5516639437237193,1.0663896823487404,-0.7772136538120175,-0.2575759591047043,0.1930720432780303,-0.4943919041584751,-0.3216412346821428,1.580555744887102,1.1597532523359493,1.1979496791022237,-0.8307962978779766,6,0,0,0,0,0,0,0,0,0,0,0,0,0,0,0,0.8890427680611157
52,Santa Clara,WCC,27,17–10,115.1,100.9,0.82,55.2,48.9,17.0,17.0,32.8,28.4,29.0,32.1,55.5,50.5,36.5,31.1,46.1,39.8,69.2,-2.2,2025,9–5,,,0,1.4056338255793774,-0.6991530923173679,-0.2236087084979944,-0.1884590384816415,0.6904512925331424,-0.549382359084851,-0.8700577014716288,-0.221602564920157,1.2024259353714295,-0.1656829106582278,1.0801809585446795,-1.154253211112355,1.2937651693948358,0.1677105288467996,0.4265685790945845,0.7527933984299944,1.1979496791022237,-0.8005870323640075,6,0,0,0,0,1,0,0,0,0,0,0,0,0,0,0,1.0629663285690365
53,Villanova,BE,27,15–12,119.4,104.6,0.8195,55.2,51.0,15.8,16.5,31.2,28.2,26.6,32.3,52.0,50.6,39.6,34.3,43.2,46.4,64.1,-2.7,2025,8–8,,,0,1.4056338255793774,0.0390135150961643,-0.8102290320530912,-0.403099495325564,0.3158296857031611,-0.6200324840475377,-1.3705399613028104,-0.1849290783864287,0.2501721642126047,-0.1365623990794756,2.2650513713198484,0.2365341482583628,0.7591615082294133,1.7825713484923102,-1.6028571262646796,0.6676553536797946,1.7766093210276033,-0.2417156203555882,-1,0,0,0,0,0,0,0,0,0,0,0,0,1,0,0,1.1968660918446972
54,UC San Diego,BW,24,20–4,113.1,99.2,0.8186,55.3,49.6,14.3,23.6,26.1,28.1,34.8,31.0,55.8,47.9,36.5,34.6,48.3,43.3,67.0,0.19,2025,12–2,,,0,1.4377625987354754,-0.4530975565128562,-1.5435044364969626,2.644794991858136,-0.8782766860674054,-0.6553575465288805,0.3394410931203935,-0.4233067408556675,1.2840476871850426,-0.9228162117057768,1.0801809585446795,0.3669204631993696,1.699326567520328,1.024076115022449,-0.4488699604721566,1.1597532523359493,0.928805659602048,-1.057365789232742,6,0,0,0,0,0,0,0,0,0,0,0,0,0,0,0,0.875457735325239
55,Kansas St.,B12,26,13–13,113.4,99.6,0.8162,52.5,49.2,17.7,18.4,29.6,33.0,28.2,28.9,52.8,49.1,34.8,33.0,41.1,34.4,68.2,-1.8,2025,7–8,,,0,0.5381569503646778,-0.593700719829719,0.1185864802424784,0.4125342406813408,-0.0587919211268202,1.0755705150569492,-1.0368851214153565,-0.8083783494598235,0.4678301690489068,-0.5733700727607536,0.4304133128292634,-0.3284732164859907,0.3720347191096242,-1.1535392326813447,0.0286419702006117,0.8209038342301542,0.9691772625270758,-0.9969472582048058,6,0,0,0,0,0,0,0,0,0,0,0,0,0,0,0,0.8680477174693063
56,Drake  (H) 138 Illinois Chicago,MVC,24,21–3,112.5,98.9,0.8147,55.4,52.7,19.5,22.2,35.8,26.2,43.8,37.2,55.7,55.5,36.6,32.0,36.7,37.9,59.9,1.5,2025,13–3,,,0,1.4698913718915758,0.6365769591928339,0.9985169655751244,2.043801712695152,1.3928668053393582,-1.3265337336744072,2.216249567487325,0.7135713416899356,1.2568404365805064,1.2903426682793653,1.118402584763234,-0.7630942662893405,-0.4390880771413616,-0.2971736465056953,-3.2741488836193637,1.382814929581473,0.848062453751996,-1.1026796875036946,6,0,0,0,1,0,0,0,0,0,0,0,0,0,0,0,1.004292881862087
57,Oklahoma,SEC,26,16–10,115.4,101.5,0.8138,53.9,50.6,17.9,18.7,27.6,31.3,38.6,35.2,54.0,54.8,35.9,29.8,41.9,41.7,69.0,1.1,2025,3–10,,,0,0.9879597745500768,-0.1015896482206983,0.2163565341683276,0.5413185147876947,-0.5270689296642975,0.4750444528741104,1.131871337853099,0.3468364763526445,0.7943171763033618,1.0864990872281015,0.850851201233356,-1.71926057585671,0.5195115911552576,0.6325947041992964,0.3469832573157888,1.314704493781313,1.2383212820272516,-0.7099592358221023,6,0,0,0,0,0,0,0,1,0,0,0,0,0,0,0,0.8891834313661005
58,Liberty,CUSA,23,18–5,109.5,96.3,0.8136,57.3,45.6,15.2,17.4,19.4,27.6,30.6,26.0,56.8,47.9,38.6,27.2,46.6,33.1,66.4,-0.42,2025,9–4,,,0,2.0803380618574745,-1.859129189681488,-1.1035391938306405,-0.0167466730065041,-2.447004664667955,-0.8319828589355979,-0.5364028615841739,-1.3401439041988954,1.5561201932304212,-0.9228162117057768,1.8828351091343103,-2.84927530534542,1.385938214423357,-1.4716178789751566,-0.687625925808538,1.0558848377407055,0.44434642450173223,-1.495400139185289,-1,0,1,0,0,0,0,0,0,0,0,0,0,0,0,0,0.388651227167746
59,San Francisco,WCC,27,20–7,111.5,98.1,0.8134,53.5,47.9,17.2,18.8,28.9,28.7,36.6,35.1,54.4,51.0,35.0,28.0,44.8,34.7,68.3,0.33,2025,11–4,,,0,0.8594446819256772,-1.0506610006095258,-0.1258386545721453,0.5842466061564797,-0.2226888741149379,-0.4434071716408204,0.7148027879937807,0.3284997330857797,0.9031461787215128,-0.0200803527644685,0.5068565652663721,-2.50157846550274,1.05411525232068,-1.0801364681520025,0.0684346310900067,1.1835919048660053,0.7134904440019081,-1.2235167495595711,6,0,0,0,0,0,0,0,1,0,0,0,0,0,0,0,0.8879484283901118
60,Indiana,B10,26,15–11,112.6,99.3,0.8095,51.4,49.9,17.1,15.9,32.0,28.9,33.7,29.1,53.4,50.5,31.5,32.6,33.2,38.8,69.1,-0.1,2025,6–9,,,0,0.1847404456475779,-0.3476451840252099,-0.174723681535069,-0.6606680435382709,0.5031404891181521,-0.3727570466781337,0.1100533906977696,-0.7717048629260939,0.6310736726761343,-0.1656829106582278,-0.8309003523830117,-0.5023216364073301,-1.0842993923410098,-0.0769653529176715,0.3867759182051838,1.1103731863808337,0.861519654727004,-1.0422611564757585,6,0,0,0,0,0,0,0,1,0,0,0,0,0,0,0,0.8759071493742209
61,George Mason,A10,25,20–5,105.3,93.0,0.8061,51.6,44.1,19.6,18.2,32.4,28.0,41.4,28.9,51.7,43.8,34.2,29.7,36.1,43.8,65.2,0.6,2025,12–1,,,0,0.2489979919597787,-2.386391052119725,1.0474019925380498,0.3266780579437721,0.5967958908256473,-0.6906826090102245,1.715767307656144,-0.8083783494598235,0.1685504123989919,-2.1167571864346035,0.2010835555179426,-1.7627226808370455,-0.5496957311755873,1.1464140559046847,-1.1651378564813064,1.2295664490311131,-0.12085601644863735,-1.9938530201657723,-1,0,0,0,0,0,0,0,0,0,0,1,0,0,0,0,0.8441749403814672
62,Pittsburgh,ACC,26,16–10,115.1,102.0,0.8008,53.0,50.8,14.6,18.0,28.8,30.0,34.5,30.4,52.8,49.5,35.6,35.1,40.6,40.7,67.4,-0.8,2025,7–8,,,0,0.6988008161451775,-0.0312880665622682,-1.396849355608189,0.2408218752062034,-0.2461027245418112,0.015818640616645,0.2768808106414963,-0.5333272004568551,0.4678301690489068,-0.4568880264457465,0.7361863225776956,0.5842309881010446,0.2798616740811031,0.3879188224348252,-0.2896993169145652,0.9911799237305536,1.1979496791022237,-0.6344360720371804,6,0,0,0,0,0,0,0,0,1,0,0,0,0,0,0,0.7770459241623673
63,North Texas  (H) 239 Tulsa,Amer,22,16–6,110.2,97.7,0.7994,51.9,47.6,17.4,19.9,34.1,27.2,36.9,38.6,50.1,48.4,36.6,30.8,37.1,38.9,61.2,-0.7,2025,9–3,,,0,0.3453843114280776,-1.1561133730971722,-0.0280686006462961,1.0564556112131085,0.9948313480825036,-0.9732831088609724,0.7773630704726779,0.9702857474260392,-0.2667655972736142,-0.7772136538120175,1.118402584763234,-1.28463952605336,-0.365349641118545,-0.0524977647412241,-2.756844292057197,1.0082075326805937,0.5385468313267942,-1.2839352805875073,6,0,0,0,0,0,0,0,0,0,0,1,0,0,0,0,0.8234886405336546
64,TCU,B12,26,15–11,106.7,94.7,0.799,47.6,50.9,17.3,19.8,32.3,28.9,34.4,27.6,48.5,54.0,30.7,31.2,35.2,43.1,67.2,0.37,2025,8–7,,,0,-1.0361529342842193,0.003862724266948,-0.0769536276092198,1.0135275198443248,0.573382040398773,-0.3727570466781337,0.2560273831485301,-1.0467560119290622,-0.7020816069462203,0.8535349945980875,-1.1366733621314429,-1.1107911061320208,-0.7156072122269251,0.9751409386695558,-0.3692846386933609,1.1904029484460212,0.06754479720148648,-1.7370742632970377,9,0,0,0,0,0,0,0,1,0,0,0,0,0,0,0,0.8434883212545149
65,Arizona St.,B12,26,12–14,110.9,98.5,0.798,51.9,48.8,18.7,16.8,26.2,30.4,35.9,30.8,50.4,50.0,35.8,31.3,44.2,39.6,69.3,-1.7,2025,3–12,,,0,0.3453843114280776,-0.7343038831465841,0.607436749871726,-0.2743152212192102,-0.8548628356405321,0.1571188905420184,0.5688287955430188,-0.4599802273893965,-0.1851438454600014,-0.3112854685519872,0.8126295750148016,-1.0673290011516852,0.9435075982864556,0.1187753524939064,0.4663612399839795,0.8379314431801942,0.6327472381518561,-1.1630982185316328,6,0,0,0,0,0,0,0,0,0,0,1,0,0,0,0,0.8191661301176939
66,Iowa  (H) 42 Oregon,B10,25,14–11,117.7,104.4,0.7975,57.1,54.5,13.9,19.5,25.0,32.4,26.4,25.9,57.8,56.5,37.5,34.3,41.7,38.2,71.9,-1.3,2025,5–9,,,0,2.016080515545276,1.269291194118717,-1.7390445443486615,0.8847432457379709,-1.1358290407630185,0.8636201401688879,-1.4122468162887427,-1.3584806474657602,1.8281926992758,1.581547784066884,1.4623972207302178,0.2365341482583628,0.4826423731438498,-0.2237708819763529,1.500970423108312,0.906041878980354,1.5478369044524534,-0.27192488586955516,-1,0,1,0,0,0,0,0,0,0,0,0,0,0,0,0,0.33894235738419665
67,McNeese St.,Slnd,25,19–6,112.3,99.9,0.7941,52.7,48.6,16.8,22.1,35.3,31.6,35.2,34.3,53.6,47.8,34.2,33.0,37.8,47.6,65.7,-1.1,2025,15–1,,,0,0.6024144966768786,-0.8046054648050143,-0.3213787624238436,2.0008736213263685,1.275797553204989,0.5810196403181411,0.4228548030922583,0.1818057869508624,0.6854881738852109,-0.951936723284529,0.2010835555179426,-0.3284732164859907,-0.2363073780786161,2.0761824066096763,-0.96617455203432,0.9400970968804336,0.821148051801978,-0.951633359933851,6,0,0,0,0,0,0,0,0,0,0,0,0,0,1,0,0.9079052075062225
68,Northwestern,B10,26,13–13,112.2,99.9,0.7926,49.9,51.0,14.6,19.9,31.9,29.3,30.3,37.7,49.5,50.3,33.8,34.7,33.9,39.2,65.6,-3.0,2025,4–11,,,0,-0.2971911516939213,0.0390135150961643,-1.396849355608189,1.0564556112131085,0.4797266386912779,-0.231456796752759,-0.5989631440630718,0.8052550580242585,-0.4300091009008417,-0.2239239338157324,0.0481970506437251,0.4103825681797052,-0.9552571293010808,0.0209049997881183,-1.0059672129237207,0.6165725268296748,0.80769085082697,-0.951633359933851,6,0,0,0,0,0,0,0,0,0,0,0,0,0,1,0,0.9032739463462643
69,Yale,Ivy,21,15–6,115.1,102.6,0.7905,55.5,48.5,15.4,16.3,34.6,25.6,32.4,31.0,53.9,46.6,39.3,33.7,32.1,47.7,68.7,-2.2,2025,9–0,,,0,1.5020201450476762,-0.8397562556342305,-1.0057691399047903,-0.4889556780631328,1.111900600216873,-1.5384841085624674,-0.1610411667107881,-0.4233067408556675,0.7671099256988236,-1.3013828622295502,2.1503864926641856,-0.0242384816236446,-1.2870800914037566,2.100649994786124,0.2276052746475981,0.7527933984299944,1.1979496791022237,-0.5438082754952752,6,0,0,0,0,0,0,0,0,0,0,0,0,1,0,0,1.1073283760855086
70,Utah,B12,26,15–11,111.6,99.9,0.782,52.4,47.8,17.8,16.1,33.9,28.4,37.2,32.7,54.4,46.0,33.2,33.7,43.5,40.0,69.7,-1.1,2025,7–8,,,0,0.5060281772085774,-1.0858117914387422,0.1674715072054039,-0.5748118608007015,0.9480036472287552,-0.549382359084851,0.8399233529515765,-0.1115821053189694,0.9031461787215128,-1.4761059317020615,-0.1811327066675956,-0.0242384816236446,0.8144653352465254,0.2166457051996946,0.6255318835415709,0.9400970968804336,0.7269476449769161,-0.951633359933851,6,0,0,0,0,0,0,0,0,0,0,1,0,0,0,0,0.7697660110781416
71,UCF  (A) 105 Oklahoma St.,B12,25,13–12,114.6,102.7,0.7796,48.8,51.7,16.4,18.6,32.0,34.2,35.2,30.9,47.4,51.8,33.8,34.3,40.5,36.4,72.3,-1.3,2025,4–10,,,0,-0.6506076564110213,0.2850690509006758,-0.5169188702755436,0.498390423418911,0.5031404891181521,1.499471264833072,0.4228548030922583,-0.4416434841225323,-1.0013613635961371,0.2128837398655455,0.0481970506437251,0.2365341482583628,0.2614270650753986,-0.6641874691524022,1.6601410666658976,0.906041878980354,1.1306636742271798,-0.5287036427382896,6,1,0,0,0,0,0,0,0,0,0,0,0,0,0,0,0.8044002691606262
72,Colorado St.,MWC,26,17–9,113.2,101.5,0.7784,54.4,49.2,17.6,16.3,27.0,25.0,30.4,33.6,56.7,46.8,34.4,35.6,43.7,35.9,67.1,-1.6,2025,11–4,,,0,1.1486036403305764,-0.593700719829719,0.0697014532795547,-0.4889556780631328,-0.667552032225541,-1.7504344834505288,-0.5781097165701063,0.0534485840828113,1.528912942625885,-1.2431418390720477,0.2775268079550486,0.8015415130027195,0.8513345532579345,-0.7865254100346378,-0.4090772995827615,0.854959052130234,0.9422628605770579,-0.7099592358221023,6,0,0,0,0,0,0,0,0,0,0,0,0,0,0,0,0.7513399362383639
73,Wake Forest,ACC,26,19–7,106.8,96.4,0.7642,50.6,46.1,16.9,20.0,26.8,31.6,36.1,30.9,54.4,47.2,29.3,29.9,36.5,45.9,67.4,2.3,2025,11–4,,,0,-0.0722897396012207,-1.683375235535409,-0.2724937354609199,1.0993837025818936,-0.7143797330792886,0.5810196403181411,0.6105356505289512,-0.4416434841225323,0.9031461787215128,-1.1266597927570383,-1.6717761291911954,-1.6757984708763758,-0.4759572951527706,1.6602334076100749,-0.2896993169145652,1.5190358011817922,0.08100199817649452,-1.4802955064283034,-1,0,0,0,0,0,0,0,0,0,1,0,0,0,0,0,0.9309170210306161
74,Penn St.  (H) 44 Nebraska,B10,26,13–13,112.2,101.5,0.7616,53.4,52.4,17.1,20.4,29.7,29.6,38.2,29.5,55.1,52.1,33.5,35.3,36.3,38.5,71.1,-4.1,2025,3–12,,,0,0.827315908769577,0.5311245867051849,-0.174723681535069,1.271096068057031,-0.0353780706999468,-0.1254816093087283,1.0484576278812356,-0.6983578898586359,1.0935969329532786,0.3002452746018024,-0.0664678280119352,0.6711551980617126,-0.5128265131641796,-0.1503681174470122,1.1826291359931291,0.4292688283792353,0.80769085082697,-0.7099592358221023,6,0,0,0,0,0,1,0,0,0,0,0,0,0,0,0,0.8682613241328885
75,LSU,SEC,26,14–12,109.5,99.1,0.7588,52.4,46.8,18.9,16.8,31.0,33.8,33.3,29.8,55.9,46.5,31.7,31.6,42.3,34.9,69.4,-1.9,2025,3–10,,,0,0.5060281772085774,-1.4373196997309,0.7052068037975752,-0.2743152212192102,0.2690019848494135,1.358171014907696,0.0266396807259048,-0.643347660058042,1.3112549377895808,-1.3305033738083023,-0.7544570999459044,-0.93694268621068,0.5932500271780742,-1.0312012917991091,0.5061539008733802,0.8038762252801144,0.44434642450173223,-1.0724704219897276,6,0,0,0,0,0,0,0,0,0,1,0,0,0,0,0,0.9142444808547674
76,Butler,BE,26,12–14,114.5,103.9,0.7539,53.6,48.2,17.6,11.4,27.5,28.2,41.5,21.9,52.1,49.4,37.3,30.7,40.1,35.8,68.5,-4.5,2025,5–10,,,0,0.8915734550817777,-0.9452086281218768,0.0697014532795547,-2.5924321551335736,-0.5504827800911717,-0.6200324840475377,1.73662073514911,-2.0919503781403423,0.2773794148171429,-0.4860085380244988,1.385953968293109,-1.3281016310336955,0.1876886290525819,-0.8109929982110853,0.1480199528688024,0.3611583925790754,1.1172064732521718,-0.34744804965447695,-1,0,0,1,0,0,0,0,0,0,0,0,0,0,0,0,0.48770577885842936
77,Dayton,A10,25,17–8,116.4,105.7,0.7519,53.7,51.3,15.5,18.5,29.8,29.5,39.4,29.0,53.3,51.6,36.2,34.0,39.7,42.2,66.3,-1.4,2025,8–5,,,0,0.923702228237878,0.1444658875838107,-0.9568841129418656,0.4554623320501259,-0.0119642202730726,-0.1608066717900723,1.2986987577968256,-0.7900416061929586,0.6038664220715961,0.154642716708043,0.9655160798890192,0.1061478333173591,0.1139501930297652,0.754932645081532,-0.7274185866979386,0.8890142700303141,1.3728932917773395,-0.07556466002875903,-1,0,0,0,0,0,1,0,0,0,0,0,0,0,0,0,0.8383125019651597
78,Rutgers  (A) 101 Washington,B10,26,12–14,113.5,103.2,0.7505,50.3,51.7,15.7,16.9,30.9,31.0,35.4,29.8,50.9,51.8,32.8,34.3,36.3,38.5,69.4,-3.2,2025,5–10,,,0,-0.168676059069522,0.2850690509006758,-0.8591140590160166,-0.2313871298504266,0.2455881344225393,0.3690692654300798,0.4645616580781892,-0.643347660058042,-0.0491075924373121,0.2128837398655455,-0.3340192115418131,0.2365341482583628,-0.5128265131641796,-0.1503681174470122,0.5061539008733802,0.5825173089295949,0.9826344635020838,-0.4531804789533678,6,0,0,0,0,0,0,0,0,0,0,0,0,0,1,0,0.7732898831234424
79,UC Irvine,BW,25,21–4,103.0,93.7,0.7474,50.5,44.8,18.6,17.8,27.8,25.8,36.5,21.7,49.7,42.6,34.6,32.3,34.1,37.7,70.1,1.0,2025,12–2,,,0,-0.1044185127573211,-2.140335516315216,0.5585517229088023,0.1549656924686347,-0.4802412288105499,-1.467833983599781,0.6939493605008146,-2.128623864674072,-0.3755945996917653,-2.4662033253796247,0.3539700603921574,-0.6327079513483368,-0.918387911289672,-0.3461088228585885,0.7847025270991566,1.297676884831273,-0.43037163887383917,-1.8881205908668812,-1,0,0,0,0,0,0,0,0,0,0,1,0,0,0,0,0.6629382536551096
80,St. Bonaventure,A10,26,17–9,108.4,98.8,0.7433,51.2,49.9,16.7,18.9,29.0,25.6,31.8,24.6,52.3,50.1,32.8,33.2,35.2,47.4,64.6,-3.5,2025,6–8,,,0,0.1204828993353793,-0.3476451840252099,-0.370263789386769,0.6271746975252633,-0.1992750236880637,-1.5384841085624674,-0.2861617316685831,-1.5968583099349989,0.3317939160262175,-0.2821649569732349,-0.3340192115418131,-0.2415490065253195,-0.7156072122269251,2.027247230256781,-1.4038938218176933,0.531434482079475,0.29631721377663633,-1.11778432026068,6,0,0,0,0,0,0,0,1,0,0,0,0,0,0,0,0.6715141568480734
81,Saint Joseph's  (A) 112 George Washington,A10,25,15–10,108.3,99.2,0.7319,51.8,46.7,16.9,16.5,29.5,26.3,30.6,27.0,52.6,46.7,33.9,31.1,45.5,34.5,69.3,-4.4,2025,6–6,,,0,0.3132555382719772,-1.4724704905601138,-0.2724937354609199,-0.403099495325564,-0.0822057715536944,-1.2912086711930633,-0.5364028615841739,-1.1567764715302498,0.4134156678398322,-1.272262350650798,0.0864186768622795,-1.154253211112355,1.18315751536061,-1.1290716445048972,0.4663612399839795,0.3781860015291153,0.28286001280162637,-1.057365789232742,6,0,0,1,0,0,0,0,0,0,0,0,0,0,0,0,0.41978061517904497
82,Oregon St.,WCC,26,17–9,114.2,104.7,0.731,55.1,50.6,17.2,17.2,31.3,26.9,36.7,32.1,54.8,50.8,37.1,33.6,37.0,41.6,64.8,-2.6,2025,8–6,,,0,1.373505052423277,-0.1015896482206983,-0.1258386545721453,-0.1026028557440728,0.3392435361300353,-1.0792582963050033,0.735656215486747,-0.221602564920157,1.011975181139664,-0.0783213759219731,1.3095107158560029,-0.0677005866039802,-0.3837842501242495,0.608127116022849,-1.3243085000388977,0.6846829626298345,1.0768348703271458,-0.22661098759860254,18,0,0,0,0,0,0,0,0,0,0,0,0,1,0,0,0.9236216834071738
83,Nevada,MWC,26,15–11,112.5,103.3,0.7291,55.2,51.5,16.6,19.9,29.7,26.6,37.6,38.3,55.1,49.1,36.9,36.3,37.3,45.7,64.3,-3.7,2025,7–8,,,0,1.4056338255793774,0.2147674692422433,-0.4191488163496927,1.0564556112131085,-0.0353780706999468,-1.1852334837490326,0.92333706292344,0.9152755176254448,1.0935969329532786,-0.5733700727607536,1.2330674634188945,1.1057762478650626,-0.3284804231071373,1.6112982312571813,-1.523271804485884,0.4973792641793951,0.848062453751996,-0.43807584619638434,6,0,0,0,0,0,1,0,0,0,0,0,0,0,0,0,0.7679173323337977
84,Stanford,ACC,26,16–10,113.3,104.0,0.7273,50.3,51.1,15.6,17.2,32.2,27.0,31.2,36.5,50.8,51.3,33.1,33.9,41.3,33.9,67.6,-2.3,2025,8–7,,,0,-0.168676059069522,0.0741643059253806,-0.9079990859789412,-0.1026028557440728,0.5499681899719006,-1.043933233823659,-0.4112822966263789,0.5852141388218832,-0.0763148430418503,0.0672811819717862,-0.2193543328861499,0.0626857283370235,0.4089039371210319,-1.2758771735635803,-0.2101139951357752,0.7357657894799545,0.9557200615520659,-0.33234341689749347,-1,0,0,0,0,0,0,0,0,0,0,0,0,0,1,0,0.7016597105160917
85,Florida St.  (H) 192 Miami FL,ACC,25,15–10,107.7,98.9,0.7266,50.8,47.8,17.6,19.8,30.5,30.9,39.8,36.8,52.3,47.4,31.8,32.2,33.7,43.1,70.9,-3.1,2025,6–8,,,0,-0.0080321932890222,-1.0858117914387422,0.0697014532795547,1.0135275198443248,0.1519327327150442,0.3337442029487358,1.3821124677686891,0.6402243686224764,0.3317939160262175,-1.0684187695995362,-0.71623547372735,-0.6761700563286693,-0.9921263473124886,0.9751409386695558,1.1030438142143393,0.5995449178796348,0.20211680695157438,-1.1026796875036946,23,1,0,0,0,0,0,0,0,0,0,0,0,0,0,0,0.6407623748421096
86,Bradley  (A) 124 Illinois St.,MVC,26,20–6,111.5,102.8,0.7191,57.5,47.9,18.0,16.1,26.3,28.3,32.8,35.3,54.8,48.0,40.7,31.9,43.1,43.0,67.0,-1.0,2025,12–4,,,0,2.1445956081696758,-1.0506610006095258,0.2652415611312531,-0.5748118608007015,-0.8314489852136578,-0.5847074215661938,-0.0776274567389247,0.365173219619508,1.011975181139664,-0.8936957001270245,2.685489259723941,-0.8065563712696762,0.7407268992237088,0.9506733504931084,-0.4488699604721566,0.9571247058304738,0.7134904440019081,-0.5135990099813061,6,0,0,0,0,0,0,0,0,0,0,0,0,1,0,0,0.8868803448715067
87,Washington St.  (H) 15 Gonzaga,WCC,27,16–11,112.2,103.7,0.7136,56.4,50.7,20.7,17.4,32.0,32.5,32.9,32.7,58.2,52.4,35.9,31.9,41.5,38.8,71.0,-3.2,2025,6–8,,,0,1.7911791034525757,-0.066438857391482,1.5851372891302211,-0.0167466730065041,0.5031404891181521,0.8989452026502319,-0.0567740292459585,-0.1115821053189694,1.9370217016939528,0.3876068093380571,0.850851201233356,-0.8065563712696762,0.4457731551324408,-0.0769653529176715,1.1428364751037343,0.5825173089295949,0.80769085082697,-0.3776573151684461,6,0,0,0,1,0,0,0,0,0,0,0,0,0,0,0,0.6921458796809166
88,Minnesota,B10,26,14–12,109.8,101.5,0.7123,50.8,50.1,16.4,16.5,29.8,30.7,32.3,31.8,51.7,48.3,32.8,35.6,36.2,34.8,63.0,-1.8,2025,6–9,,,0,-0.0080321932890222,-0.2773436023667773,-0.5169188702755436,-0.403099495325564,-0.0119642202730726,0.2630940779860491,-0.1818945942037543,-0.2766127947207509,0.1685504123989919,-0.8063341653907697,-0.3340192115418131,0.8015415130027195,-0.5312611221698829,-1.0556688799755565,-2.0405763960480474,0.8209038342301542,0.48471802742675824,-0.7099592358221023,12,0,0,0,0,0,0,0,0,0,0,0,0,0,1,0,0.6553470989165118
89,Arkansas St.  (H) 134 South Alabama,SB,26,18–8,109.1,100.8,0.712,49.0,45.8,14.8,17.8,32.7,31.0,34.3,37.5,49.6,46.7,32.1,29.5,43.4,36.9,70.2,-3.1,2025,10–4,,,0,-0.5863501100988204,-1.788827608023058,-1.2990793016823388,0.1549656924686347,0.6670374421062699,0.3690692654300798,0.2351739556555639,0.7685815714905289,-0.4028018502963035,-1.272262350650798,-0.6015705950716882,-1.849646890797715,0.7960307262408209,-0.5418495282701665,0.8244951879885571,0.5995449178796348,0.3905176206016963,-0.8156916651209931,12,1,0,0,0,0,0,0,0,0,0,0,0,0,0,0,0.595684766218518
90,Notre Dame  (H) 43 SMU,ACC,25,11–14,112.7,104.2,0.7113,52.4,51.3,16.5,15.4,31.3,25.5,29.4,29.6,50.9,53.9,36.5,31.8,37.6,41.8,65.5,-6.2,2025,5–9,,,0,0.5060281772085774,0.1444658875838107,-0.4680338433126182,-0.8753085003821934,0.3392435361300353,-1.5738091710438114,-0.7866439914997654,-0.680021146591771,-0.0491075924373121,0.8244144830193352,1.0801809585446795,-0.8500184762500103,-0.2731765960900238,0.6570622923757421,-1.0457598738131155,0.0716890404283962,0.8749768557020139,-0.3021341513835243,-1,0,0,0,1,0,0,0,0,0,0,0,0,0,0,0,0.6850446125689811
91,South Carolina,SEC,26,10–16,107.8,99.7,0.7106,49.4,51.2,19.2,15.8,31.2,27.3,42.5,29.0,49.8,50.1,32.4,35.6,38.3,34.5,66.0,-4.9,2025,0–13,,,0,-0.457835017474421,0.1093150967545969,0.8518618846863498,-0.7035961349070553,0.3158296857031611,-0.9379580463796284,1.9451550100787691,-0.7900416061929586,-0.3483873490872289,-0.2821649569732349,-0.4869057164160278,0.8015415130027195,-0.144134333050095,-1.1290716445048972,-0.8467965693661292,0.2930479567789156,0.2155740079265824,-0.9818426254478202,6,0,0,0,0,0,0,0,0,0,0,0,0,0,1,0,0.6500983362685592
92,Grand Canyon,WAC,24,18–6,106.3,98.5,0.7055,50.4,46.7,18.8,20.6,32.1,27.7,44.4,31.2,51.6,47.5,32.0,30.1,34.7,33.1,72.7,-2.5,2025,9–2,,,0,-0.1365472859134215,-1.4724704905601138,0.6563217768346514,1.356952250794601,0.5265543395450264,-0.7966577964542552,2.341370132445121,-0.3866332543219385,0.1413431617944536,-1.039298258020784,-0.6397922212902426,-1.5888742609157047,-0.8077802572554462,-1.4716178789751566,1.819311710223489,0.7017105715798745,0.013715993301450562,-1.1630982185316328,-1,0,0,0,0,0,0,0,0,0,1,0,0,0,0,0,0.7496803343042588
93,High Point  (H) 280 Charleston Southern,BSth,26,21–5,117.2,109.0,0.6955,56.1,49.2,15.7,15.7,33.9,30.5,39.7,37.5,56.6,48.9,36.9,33.2,39.9,35.5,67.3,-2.0,2025,11–2,,,0,1.6947927839842765,-0.593700719829719,-0.8591140590160166,-0.7465242262758404,0.9480036472287552,0.1924439530233624,1.3612590402757243,0.7685815714905289,1.5017056920213467,-0.6316110959182581,1.2330674634188945,-0.2415490065253195,0.1508194110411729,-0.884395762740426,-0.3294919778039659,0.7868486163300743,1.4805508995774095,0.4228882209517242,-1,0,0,0,0,0,0,0,0,0,0,0,0,1,0,0,0.8140151692881673
94,Providence  (A) 97 Georgetown,BE,26,12–14,111.5,103.8,0.6953,53.1,47.6,18.7,13.6,32.9,28.6,30.7,33.6,51.9,47.6,36.4,31.7,45.9,35.4,67.0,-5.2,2025,6–9,,,0,0.7309295893012779,-1.1561133730971722,0.607436749871726,-1.6480141450203147,0.7138651429600166,-0.4787322341221631,-0.5155494340912085,0.0534485840828113,0.2229649136080664,-1.0101777464420316,1.0419593323261251,-0.8934805812303458,1.2568959513834268,-0.9088633509168734,-0.4488699604721566,0.2419651299287957,0.7134904440019081,-0.3625526824114626,6,0,0,0,0,0,0,0,0,0,0,1,0,0,0,0,0.5020791160325679
95,UNLV,MWC,26,14–12,108.4,101.1,0.6908,50.3,49.8,15.8,18.9,27.5,31.8,34.1,33.0,49.9,50.0,34.0,33.0,34.4,43.4,66.3,-4.2,2025,8–7,,,0,-0.168676059069522,-0.3827959748544262,-0.8102290320530912,0.6271746975252633,-0.5504827800911717,0.6516697652808279,0.193467100669633,-0.0565718755183763,-0.3211800984826907,-0.3112854685519872,0.1246403030808338,-0.3284732164859907,-0.8630840842725598,1.0485437031988964,-0.7274185866979386,0.4122412194291953,0.29631721377663633,-0.7703777668500406,-1,0,0,0,0,0,0,0,0,1,0,0,0,0,0,0,0.4374201057654457
96,Akron,MAC,24,19–5,111.8,104.3,0.6884,55.0,48.7,17.3,17.5,32.4,28.4,25.8,34.1,55.3,49.6,36.5,31.5,46.6,38.7,72.7,-1.4,2025,13–0,,,0,1.3413762792671766,-0.7694546739757979,-0.0769536276092198,0.0261814183622809,0.5967958908256473,-0.549382359084851,-1.5373673812465378,0.1451323004171341,1.1480114341623533,-0.4277675148669942,1.0801809585446795,-0.9804047911910154,1.385938214423357,-0.1014329410941173,1.819311710223489,0.8890142700303141,0.753862046926934,-0.2870295186265408,6,0,0,0,0,1,0,0,0,0,0,0,0,0,0,0,0.6566503494687196
97,Georgetown  (H) 91 Providence,BE,25,15–10,104.2,97.4,0.6834,50.2,47.3,18.4,20.8,33.6,29.1,24.5,29.1,53.0,45.2,30.0,33.9,35.6,38.0,68.8,-2.6,2025,6–8,,,0,-0.2008048322256201,-1.261565745584821,0.4607816689829514,1.4428084335321698,0.8777620959481343,-0.3021069217154457,-1.8084619386550949,-0.7717048629260939,0.5222446702579833,-1.709070024332076,-1.404224745661319,0.0626857283370235,-0.6418687762041084,-0.2727060583292479,0.2673979355369931,0.6846829626298345,-0.26888522717373325,-1.32924917885846,-1,0,0,0,0,0,0,0,0,0,1,0,0,0,0,0,0.6814464198808774
98,South Dakota St.  (H) 114 North Dakota St.,Sum,24,15–9,111.5,104.5,0.6791,55.2,50.2,18.1,13.0,33.9,22.4,30.2,31.3,56.0,52.5,35.9,31.8,40.3,47.4,70.1,-3.6,2025,9–3,,,0,1.4056338255793774,-0.242192811537561,0.3141265880941785,-1.905582693233021,0.9480036472287552,-2.6688861079654598,-0.619816571556038,-0.3682965110550736,1.338462188394119,0.4167273209168094,0.850851201233356,-0.8500184762500103,0.2245578470639895,2.027247230256781,0.7847025270991566,0.514406873129435,0.7134904440019081,-0.2568202531125717,6,0,0,0,1,0,0,0,0,0,0,0,0,0,0,0,0.5856268730018821
99,Colorado,B12,26,10–16,107.0,100.3,0.679,51.0,50.3,21.5,16.9,28.9,27.9,36.6,34.2,52.1,50.1,32.8,33.8,37.6,40.0,67.9,-4.9,2025,1–14,,,0,0.0562253530231785,-0.2070420207083472,1.9762175048336197,-0.2313871298504266,-0.2226888741149379,-0.7260076714915684,0.7148027879937807,0.1634690436839989,0.2773794148171429,-0.2821649569732349,-0.3340192115418131,0.0192236233566879,-0.2731765960900238,0.2166457051996946,-0.0907360124675789,0.2930479567789156,0.10791640012651248,-0.8912148289059149,31,0,0,0,0,0,0,0,1,0,0,0,0,0,0,0,0.4729874284578731
